fpv	"""Ene"" FPV"	"""Ene"" FPV"			
gvh	"""Ene"" GVH"	"""Ene"" GVH"			
gw	"""Ene"" 'GW"	"""Ene"" 'GW"			
rb?	"""Ene"" RB"	"""Ene"" RB"			G
wjm	"""Ene"" WJM"	"""Ene"" WJM"			
mcp	Recensent onbekend	?			G
mjk	Ene jk (onbekend)	?			G
mri	Ene ri (onbekend)	?			G
fvda	Fenneke van de Aa	Aa, Fenneke van de			K
tvaalten	Thomas van Aalten	Aalten, Thomas van	AaltenT.htm		
baanstoot	Bert Aanstoot	Aanstoot, Bert			
eda	Eddie Aarts	Aarts, Eddie	AartsE.htm	10 13	
kabbott	Kingsley Abbott	Abbott, Kingsley			G
fa	Fer Abrahams	Abrahams, Fer	AbrahamsF.htm		
avadrichem	Arnoud van Adrichem	Adrichem, Arnoud van			
pva	Pieter van Adrichem	Adrichem, Pieter van	AdrichemP.htm		D
ma	Monique Aerts	Aerts, Monique	AertsM.htm		D K
magarwal	Manish Agarwal	Agarwal, Manish			G
joosta	Joost Agterhoek	Agterhoek, Joost			
saitken	Stuart Aitken	Aitken, Stuart			G
jvaken	Jan van Aken	Aken, Jan van			
Akkerman	Jan Akkerman	Akkerman, Jan			B
Akkermans	Simon Akkermans	Akkermans, Simon			B
dalbarn	Damon Albarn	Albarn, Damon		13	G
lalberg	Leanne Alberghini	Alberghini, Leanne			G K
salbini	Steve Albini	Albini, Steve			G
jalbronda	Jeanine Albronda	Albronda, Jeanine	AlbrondaJ.htm		C K
palex	Phil Alexander	Alexander, Phil		2 6 14 16	G I
jimallen	Jim Allen	Allen, Jim			G
ka	Kate Allen	Allen, Kate			G K
mallen	Matt Allen	Allen, Matt			G
rallen	Richard Allen	Allen, Richard			G
AloeBlacc	Aloe Blacc	Aloe Blacc			B G
jva	Jim van Alphen	Alphen, Jim van	AlphenJ.htm		D L
altsusan	Susanna Alt	Alt, Susanna			K
baltman	Billy Altman	Altman, Billy			G
ea	Edwin Ammerlaan	Ammerlaan, Edwin	AmmerlaanE.htm	2 5 6 7 12 14 16 17 22	D
evandel	Edwin van Andel	Andel, Edwin van	AndelE.htm		
AndersonL	Laurie Anderson	Anderson, Laurie			B G
tanderson	Thomas Anderson	Anderson, Thomas			G
tandrews	Tess Andrews	Andrews, Tess			G K
mandriesse	Mischa Andriessen	Andriessen, Mischa			B
ranker	Robert Anker	Anker, Robert			
nantonia	Nina Antonia	Antonia, Nina			G K
mira	Miranda Apeldoorn	Apeldoorn, Miranda	ApeldoornM.htm	15 17	K
ArgosE	Eddie Argos	Argos, Eddie			G
lilya	Lily Armstrong	Armstrong, Lil			G K
jvas	Jon van As	As, Jon van			
Phari	Hari Ashurst	Ashurst, Hari			G
maston	Martin Aston	Aston, Martin	AstonM.htm	4 7 15	D G
miekea	Mieke Atema	Atema, Mieke			K
daud	Dick Audenkahl	Audenkahl, Dick			
hvau	Harmen van Aurich	Aurich, Harmen van	AurichH.htm	1 4 5 15	
kb	Kees Baars	Baars, Kees	BaarsK.htm	6	C
nbaartman	Nicoline Baartman	Baartman, Nicoline	BaartmanN.htm		D K
Baartmans	BJ Baartmans	Baartmans, BJ			B
lback	Les Back	Back, Les			G
Badwan	Faris Badwan	Badwan, Faris			B G
hbahara	Hassan Bahara	Bahara, Hassan			
BaileyB	Bill Bailey	Bailey, Bill			G
sbailey	Stuart Bailie	Bailie, Stuart			G
rvb	Rogier van Bakel	Bakel, Rogier van	BakelR.htm		D
sbaker	Sonny Baker	Baker, Sonny			G
jbakker	Johan Bakker	Bakker, Johan	BakkerJ.htm		
mbak	Machgiel Bakker	Bakker, Machgiel	BakkerM.htm		
robb	Rob Bakker	Bakker, Rob			
mbaks	Mariëtte Baks	Baks, Mariëtte			K
rbp	Reelick Bandel Post	Bandel Post, Reelick	BandelPostR.htm		
mbarkhuis	Martijn Barkhuis	Barkhuis, Martijn			
tombarman	Tom Barman	Barman, Tom			A
mbarnes	Mike Barnes	Barnes, Mike		2 11	G
abarn	Archie Barneveld	Barneveld, Archie	BarneveldA.htm		
pdbarres	Pamela des Barres	Barres, Pamela des			G K
fb	Frits Barth	Barth, Frits	BarthF.htm	1 4 5 11	
pbart	Peter Bartlema	Bartlema, Peter	BartlemaP.htm	1 3 5 12 13	
nvb	Nancy van Batenburg	Batenburg, Nancy van			K
tbates	Theunis Bates	Bates, Theunis			G
abatey	Angus Batey	Batey, Angus		16 17 18 19	G
Pcarrie	Carrie Battan	Battan, Carrie			G
pb	Pauline Bax	Bax, Pauline	BaxP.htm	9	D K
jurgenb	Jurgen Beckers	Beckers, Jurgen	BeckersJ.htm		D G
gbed	Gerard Bed	Bed, Gerard	BedG.htm		D
sbeeber	Stephen Beeber	Beeber, Stephen			G
HumoGodb	Geert op de Beeck	Beeck, Griet op de			G
tombeek	Tom Beek	Beek, Tom	BeekT.htm		
gielb	Giel Beelen	Beelen, Giel	BeelenG.htm		A H
tbeetz	Tom Beetz	Beetz, Tom	BeetzT.htm		
cbeijn	Cathelijne Beijn	Beijn, Cathelijne	BeijnC.htm		K
BejarDan	Dan Bejar	Bejar, Dan			G
Belafonte	Harry Belafonte	Belafonte, Harry			B G
mbell	Max Bell	Bell, Max		4 11 15	G
wbem	Willem Bemboom	Bemboom, Willem	BemboomW.htm	11 14 18 20 21 22	
nisseb	Nisse Benhaddaoui	Benhaddaoui, Nisse			
jbenn	Jon Bennett	Bennett, Jon			G
mbenn	Mark Bennett	Bennett, Mark			G
rossb	Ross Bennett	Bennett, Ross			G
rbentz	Roel Bentz van den Berg	Bentz van den Berg, Roel	BentzR.htm	1 3 4 5 11 12 13	C D H
abenz	Adam Benzine	Benzine, Adam			G
BergBram	Bram van den Berg	Berg, Bram van den			B
evdb	Erik van den Berg	Berg, Erik van den	BergE.htm	1 2 5 7 8 15 20 21	D I
rvdb	Rob van den Berg	Berg, Rob van den			
wvdberg	Walter van den Berg	Berg, Walter van den			
pbergen	Paul Bergen	Bergen, Paul	BergenP.htm		
dvdb	Dieter van den Bergh	Bergh, Dieter van den	BerghD.htm	1 13	D
eberghuis	Eveline Berghuis	Berghuis, Eveline			K
hvdb	Hans van den Berk	Berk, Hans van den			
Berkestijn	Tim van Berkestijn	Berkestijn, Tim van			B
Berlijn	Robin Berlijn	Berlijn, Robin			B
Pstuart	Stuart Berman	Berman, Stuart			G
jb	José Bernaerts	Bernaerts, José			K
sbersee	Sven Bersee	Bersee, Sven		5 18	
Pandy	Andy Beta	Beta, Andy			G
wbeuk	Wendolijn Beukers	Beukers, Wendolijn			K
jaapvb	Jaap van Beusekom	Beusekom, Jaap van	BeusekomJ.htm		
wvb	Willem van Beusekom	Beusekom, Willem van	BeusekomW.htm		C H L
JelloB	Jello Biafra	Biafra, Jello			B G
pbijl	Peter Bijl	Bijl, Peter	BijlP.htm		
rickb	Rick Bindels	Bindels, Rick			
ebindervoet	Erik Bindervoet	Bindervoet, Erik			
mbink	Mark Bink	Bink, Mark			
wbirch	Will Birch	Birch, Will		4	G
jblack	Johnny Black	Black, Johnny		5 11 14	G
mblack	Mary Blacklock	Blacklock, Mary			G K
BlakeJames	James Blake	Blake, James			B G
mblake	Mark Blake	Blake, Mark			G
BlakeP	Peter Blake	Blake, Peter			B G
rblanksma	Rinse Blanksma	Blanksma, Rinse	BlanksmaR.htm		
nellblock	Nell Block	Block, Nell			G
wb	Wim Bloemendaal	Bloemendaal, Wim	BloemendaalW.htm	1	C D H
leoblok	Leo Blokhuis	Blokhuis, Leo	BlokhuisL.htm		A E J
eblom	Erwin Blom	Blom, Erwin	BlomE.htm		C H
tblomberg	Tom Blomberg	Blomberg, Tom	BlombergT.htm		C D H
tblondeau	Thomas Blondeau	Blondeau, Thomas			
zbloom	Zach Bloom	Bloom, Zach			G
rvboeck	Ric van Boeckel	Boeckel, Ric van	BoeckelR.htm		
ahdb	August Hans den Boef	Boef, August Hans den			A
frankb	Frank Boeijen	Boeijen, Frank			
hb	Helmut Boeijen	Boeijen, Helmut	BoeijenH.htm	9 11 20 21	D
jboeijen	John Boeijen	Boeijen, John	BoeijenJ.htm		M
nb	Nicole Boelens	Boelens, Nicole			K
bboer	Basje Boer	Boer, Basje			
nboers	Nando Boers	Boers, Nando			
bb	Bambi Bogert	Bogert, Bambi	BogertB.htm	20	D K
fvdbold	Frank van den Bold	Bold, Frank van den 	BoldF.htm		C D
jbol	John Bollenberg	Bollenberg, John			
henb	Henning Bolte	Bolte, Henning	BolteH.htm	13 16	
wimb	Wim Boluijt	Boluijt, Wim	BoluijtW.htm	5 11 15	
bbommelje	Bastiaan Bommeljé	Bommeljé, Bastiaan			A
jbom	Joep Bommer	Bommer, Joep			
wbommer	Wanda Bommer	Bommer, Wanda			K
kbones	Kate Bones	Bones, Kate			G K
Boom	Johannes de Boom	Boom, Johannes de			B
mboomsma	Mark Boomsma	Boomsma, Mark			
aboon	Arjan Boonacker	Boonacker, Arjan	BoonackerA.htm		D
Boorer	Boz Boorer	Boorer, Boz			G
jaapb	Jaap Boots	Boots, Jaap	BootsJ.htm		B C H
borstlapm	Michiel Borstlap	Borstlap, Michiel			A B
ab	Alfred Bos	Bos, Alfred	BosA.htm	2 5 7 13 16	D
saskiab	Saskia Bosch	Bosch, Saskia	BoschS.htm		D K
mickbos	Mick Boskamp	Boskamp, Mick	BoskampM.htm		D
pboskma	Pieter Boskma	Boskma, Pieter			
Bosma	Bastiaan Bosma	Bosma, Bastiaan			B
fritsb	Frits Boterman	Boterman, Frits			
mbouk	Mary Boukouvalas	Boukouvalas, Mary			G K
robou	Roel Bouman	Bouman, Roel			
annb	Ann Bouwma	Bouwma, Ann	BouwmaA.htm		D
dbowie	David Bowie	Bowie, David			A B G
jbradford	Jenny Bradford	Bradford, Jenny			G K
lbradley	Lloyd Bradley	Bradley, Lloyd		10 12 18	G
Brands	Jan Pier Brands	Brands, Jan Pier			B
wbrands	Wim Brands	Brands, Wim			
pbrann	Paul Brannigan	Brannigan, Paul			G
mbreejen	Maartje den Breejen	Breejen, Maartje den	BreejenM.htm		K
breemerf	Fleur van den Breemer	Breemer, Fleur van den			
mbrekel	Marc Brekelmans	Brekelmans, Marc	BrekelmansM.htm		
gbr	Gerrit Bremer	Bremer, Gerrit	BremerG.htm		D
mbrend	Mark Brend	Brend, Mark			G
kvbreugel	Kim van Breugel	Breugel, Kim van			K
rb	Robert Briel	Briel, Robert	BrielR.htm	12	D
edwinbr	Edwin Brienen	Brienen, Edwin	BrienenE.htm		C H
brienenj	Jaap Brienen	Brienen, Jaap			
mbril	Martin Bril	Bril, Martin	BrilM.htm		A D J L
hvdbrink	Hilde van den Brink	Brink, Hilde van den			K
hbr	Hans Brinkers	Brinkers, Hans			
ibrinkman	Isabelle Brinkman	Brinkman, Isabelle	BrinkmanI.htm		C D H K
jwbroek	Jan Willem Broek	Broek, Jan Willem	BroekJW.htm		
Broek	Joost van den Broek	Broek, Joost van den			B
hansb	Hans Broekhuijsen	Broekhuijsen, Hans			O
bertbr	Bert Broere	Broere, Bert		16	
tavib	Tavi Bromwell	Bromwell, Tavi			G K
Pjonah	Jonah Bromwich	Bromwich, Jonah			G
cbr	Cees Bronsveld	Bronsveld, Jaap	BronsveldC.htm		
jbr	Jaap Brouwer	Brouwer, Jaap			
gbrown	Geoff Brown	Brown, Geoff		1 3 12 16 17	G
glynbr	Glyn Brown	Brown, Glyn		12	G K
Pharley	Harley Brown	Brown, Harley			G
mbrownf	Mick Brownfield	Brownfield, Mick			G
pvb	Peter van Bruggen	Bruggen, Peter van	BruggenP.htm	9	C D H
hdb	Hans de Bruijne	Bruijne, Hans de			
lwb	Leo W. Bruin	Bruin, Leo W.		3	
tbruinja	Tsead Bruinja	Bruinja, Tsead			
pvbrum	Peter van Brummelen	Brummelen, Peter van	BrummelenP.htm		D N
hbrusselmans	Herman Brusselmans	Brusselmans, Herman			A
pbr	Peter Bruyn	Bruyn, Peter	BruynP.htm	2 11	D
Bruysten	Henk Bruysten	Bruysten, Henk			B
cbryans	Chris Bryans	Bryans, C hris			G
bbuch	Boudewijn Büch	Buch, Boudewijn	BuchB.htm		A D E L
dbuck	David Buckley	Buckley, David		20	G
gbuelens	Geert Buelens	Buelens, Geert			
Buenen	Kees Buenen	Buenen, Kees			B
jbuis	John Buis	Buis, John	BuisJ.htm		
mbuise	Maartje Buise	Buise, Maartje			K
jbulley	Jenny Bulley	Bulley, Jenny		16	G K
jbungey	John Bungey	Bungey, John		14	G
bauk	Baukje Burggraaff	Burggraaff, Baukje			
alexb	Alex Burghoorn	Burghoorn, Alex	BurghoornA.htm		D
jjburnel	J.J. Burnel	Burnel, J.J.			G
rbr	Rob Burnham-Rusk	Burnham-Rusk, Rob			G
kburns	Kenneth Burns	Burns, Kenneth			G
jburton	Jonathan Burton	Burton, Jonathan			G
vb	Vincent Bus	Bus, Vincent			
bbutch	Bleddyn Butcher	Butcher, Beddyn			G
mbutler	Mike Butler	Butler, Mike		16	G
pbuwalda	Peter Buwalda	Buwalda, Peter			
yb	Yorick Buwalda	Buwalda, Yorick	BuwaldaY.htm		
pabcab	Pablo Cabenda	Cabenda, Pablo	CabendaP.htm		
acambridge	Amanda Cambridge	Cambridge, Amanda			G K
kcameron	Keith Cameron	Cameron, Keith		6 15	G
Cameron	Richard Cameron	Cameron, Richard			B
gcampbell	Graeme Campbell	Campbell, Graeme			G
mc	Marcel Capell	Capell, Marcel			
acarden	Andrew Carden	Carden, Andrew		2	G
ncarels	Niels Carels	Carels, Niels			
joostc	Joost Carlier	Carlier, Joost	CarlierJ.htm		
dcarr	Daphne Carr	Carr, Daphne			G K
rcarring	Rychard Carrington	Carrington, Rychard			G
wallyc	Wally Cartigny	Cartigny, Wally			
gcart	Garth Cartwright	Cartwright, Garth			G
hesterc	Hester Carvalho	Carvalho, Hester	CarvalhoH.htm		D J K N
fc	Frits Castelein	Castelein, Frits			
jvcasteren	Joris van Casteren	Casteren, Joris van			
ccatch	Chris Catchpole	Catchpole, Chris			G
dcavan	David Cavanagh	Cavanagh, David			G
bcha	Bart Chabot	Chabot, Bart	ChabotB.htm		A C E H
rchapman	Rob Chapman	Chapman, Rob		2 5 14 16 18	G
ChasnyB	Ben Chasny	Chasny, Ben			G
ChesnuttC	Cody Chesnutt	Chesnutt, Cody			B G
schick	Stevie Chick	Chick, Stevie		2 12	G K
lchiswick	Linton Chiswick	Chiswick, Linton			G
jchow	Jason Chow	Chow, Jason			G
rchrist	Robert Christgau	Christgau, Robert			G
pjcl	Peter J. Claessens	Claessens, Peter J.	ClaessensPJ.htm		D
jclarke	Jeremy Clarke	Clarke, Jeremy			G
ClarkeV	Vince Clarke	Clarke, Vince			G
mclaus	Maarten Claus	Claus, Maarten			
aclay	Alan Clayson	Clayson, Alan			G
tclaylea	Tony Clayton-Lea	Clayton-Lea, Tony			G
eddydecl	Eddy de Clercq	Clerck, Eddy de	ClercqEde.htm		A C H
dcoenen	Dave Coenen	Coenen, Dave			
Coenen	Marcel Coenen	Coenen, Marcel			B
CoffeyD	Dennis Coffey	Coffey, Dennis			B G
Pian	Ian Cohen	Cohen, Ian			G
ncoleman	Nick Coleman	Coleman, Nick			G
bcoley	Byron Coley	Coley, Byron			G
mcollin	Matthew Collin	Collin, Matthew		7 19 20	G
acoll	Andrew Collins	Collins, Andrew			G
ccollis	Clark Collis	Collis, Clark			G
Pjoec	Joe Colly	Colly, Joe			G
scompo	Susan Compo	Compo, Susan			G K
kconrad	Karen Conrad	Conrad, Karen			G K
CookH	Hollie Cook	Cook, Hollie			G
CookNorman	Norman Cook	Cook, Norman			G
rcook	Richard Cook	Cook, Richard			G
CoombesG	Gaz Coombes	Coombes, Gaz			B G
mcooper	Mark Cooper	Cooper, Mark		11	G
antonc	Anton Corbijn	Corbijn, Anton	CorbijnA.htm		A F J
mcorbijn	Maarten Corbijn	Corbijn, Maarten	CorbijnM.htm		A F
sdcoster	Saskia de Coster	Coster, Saskia de			K
acot	Adam Cotton	Cotton, Adam			G
todc	Thomas op de Coul	Coul, Thomas op de			O
pc	Patti Coulier	Coulier, Patti			
acowan	Andy Cowan	Cowan, Andy			G
BradfordCox	Bradford Cox	Cox, Bradford			G
rc	Rik Cox	Cox, Rik			
tomcox	Tom Cox	Cox, Tom			G
ncoyne	Nadja Coyne	Coyne, Nadja			G K
dcraw	David Crawford	Crawford, David			G
ianc	Ian Crichton	Crichton, Ian			G
jcrosby	John Crosby	Crosby, John			G
frankc	Frank Cuppens	Cuppens, Frank			
mcup	Martin Cuppens	Cuppens, Martin	CuppensM.htm		I
Pgrayson	Grayson Currin	Currin, Grayson			G
adamc	Adam Curry	Curry, Adam	CurryA.htm		A C H
CurryRoss	Ross Curry	Curry, Ross			B
jcushley	Joe Cushley	Cushley, Joe			G
ldaalder	Leonieke Daalder	Daalder, Leonieke	DaalderL.htm		K
ad	André Dadi	Dadi, André	DadiA.htm		O
rikkertd	Rikkert Dahmen	Dahmen, Rikkert	DahmenR.htm		
ddalton	David Dalton	Dalton, David			G
sdalton	Stephen Dalton	Dalton, Stephen			G
DamN	Niels van Dam	Dam, Niels van			B
Damme	Ellen ten Damme	Damme, Ellen ten			B K
mdam	Michael Damminga	Damminga, Michael			
rdavern	Robert Davern	Davern, Robert			G
adavidse	Arjen Davidse	Davidse, Arjen	DavidseA.htm		D
edean	Eddie Dean	Dean, Eddie			G
mdech	Max Décharné	Décharné, Max		4 5 	G
ddee	Daniël Dee	Dee, Daniël			
adegens	Annemarie Degens	Degens, Annemarie			K
Deinum	Herman Deinum	Deinum, Harry			B
chrisd	Chris Dekker	Dekker, Chris			
dd	Dennis Dekker	Dekker, Dennis	DekkerD.htm		
fdekker	Femke Dekker	Dekker, Femke	DekkerF.htm		K
maxd	Max Dekker	Dekker, Max			
mdelaere	Martijn Delaere	Delaere, Martijn			
fdellar	Fred Dellar	Dellar, Fred		4 14 16 23	G
fdellen	Fons Dellen	Dellen, Fons	DellenF.htm	9	C H
bdemain	Bill DeMain	DeMain, Bill			G
marcod	Marco Démoet	Démoet, Marco	DemoetM.htm		
henkd	Henk Demper	Demper, Henk			
sdemp	Sarah Dempster	Dempster, Sarah			G K
jden	John Denekamp	Denekamp, John	DenekampJ.htm	11	D
silked	Silke Denissen	Denissen, Silke			K
md	Maarten Derksen	Derksen, Maarten			
ed	Eddy Determeyer	Determeyer, Eddy	DetermeyerE.htm		
jvdeu	Jan van Deursen	Deursen, Jan van			
PstephenD	Stephen M. Deusner	Deusner, Stephen M.			G
Devoto	Howard Devoto	Devoto, Howard			B G
awitt	Addison DeWitt III	Dewitt III, Addison			G
Dexters	Christophe Dexters	Dexters, Christophe			B
pdezentje	Paul Dezentjé	Dezentjé, Paul	DezentjeP.htm		
jdickson	Jamie Dickson	Dickson, Jamie			G
mdidden	Marc Didden	Didden, Marc	DiddenM.htm		D G
jod	Jo Didderen	Didderen, Jo	DidderenJ.htm	1 4 13 16 17	
bobdi	Bob Dieleman	Dieleman, Bob			
wd	Wouter Dielesen	Dielesen, Wouter	DielessenW.htm	6 9	D
ludod	Ludo Diels	Diels, Ludo			
DijkFreddy	Freddy van Dijk	Dijk, Freddy van			B
wdijk	Wierd Dijk	Dijk, Wierd	WeeK.htm		D
nicod	Nico Dijkshoorn	Dijkshoorn, Nico	DijkshoornN.htm		
mdilling	Mick Dillingham	Dillingham, Mick			G
ddimart	Dave DiMartino	DiMartino, Dave			G
rdimery	Robert Dimery	Dimery, Robert			G
jvditm	Jan van Ditmarsch	Ditmarsch, Jan van	DitmarschJ.htm		C H
fdix	Francis Dix	Dix, Francis	DixF.htm		C D H
jaspervdd	Jasper van den Dobbelsteen	Dobbelsteen, Jasper van den	DobbelsteenJ.htm		D
adodde	André Dodde	Dodde, André	DoddeA.htm		
pdoggett	Peter Doggett	Doggett, Peter			G
PryanD	Ryan Dombal	Dombal, Ryan			G
evds	Eric van Domburg Scipio	Domburg Scipio, Eric van	DomburgE.htm	1 2 3 4 5 8 11 12 13 14 15 16 19	I
bdonker	Bert Donker	Donker, Bert			
jdon	Jan Donkers	Donkers, Jan	DonkersJ.htm	1 4 5 11 15	A C D H
sdonkers	Sander Donkers	Donkers, Sander	DonkersS.htm		D
ld	Lootus Doolaard	Doolaard, Lotus			
mdoorman	Maarten Doorman	Doorman, Maarten			
fvdoorn	Fred van Doorn	Doorn, Fred van			
jvd	Jos van Doorn	Doorn, Jos van			
justind	Justin Doornekamp	Doornekamp, Justin			
jdoove	Johan Doove	Doove, Johan			
jdoran	John Doran	Doran, John			G
Dorst	Ryanne van Dorst	Dorst, Ryanne van			B K
Pmartin	Martin Douglas	Douglas, Martin			G
pd	Peter Douma	Douma, Peter			
jdove	Johan Dove	Dove, Johan			
tdoyle	Tom Doyle	Doyle, Tom			G
DoyleW	Will Doyle	Doyle, Will			G
mvd	Marcel van Driel	Driel, Marcel	DrielM.htm	11 15 22	
mvd/mira	Marcel van Driel & Miranda Apeldoorn	Driel, Marcel			
govertd	Govert Driessen	Driessen, Govert	DriessenG.htm		
kdr	Kees Driessen	Driessen, Kees			
nduer	Nick Duerden	Duerden, Nick			G
hvd	Hans van Duijnhoven	Duijnhoven, Hans van	DuijnhovenH.htm	1 2 4 5 8 11 12 13 15 22 23	M
rvduijn	René van Duijnhoven	Duijnhoven, René van		6	
svduijnhoven	Serge van Duijnhoven	Duijnhoven, Serge van			
hdulfer	Hans Dulfer	Dulfer, Hans	DulferH.htm		A B D
jdd	Job den Dulk	Dulk, Job den			O
ruudvd	Ruud van Dulkenraad	Dulkenraad, Ruud	DulkenraadR.htm		D
DulliG	Greg Dulli	Dulli, Greg			G
gdurb	George Durbalau	Durbalau, George			G
jdurlacher	Jessica Durlacher	Durlacher, Jessica			K
mdyson	Mark Dyson	Dyson, Mark		11	
deaslea	Daryl Easlea	Easlea, Daryl			G
easy	Easy Aloha's	Easy Aloha's	EasyAlohas.htm		
be	Bart Ebisch	Ebisch, Bart	EbischB.htm	1 4 11 15	
deccl	Danny Eccleston	Eccleston, Danny			G
deden	Dawn Eden	Eden, Dawn			G K
benedm	Ben Edmonds	Edmonds, Ben			G
eels	eels	eels			B G
ericve	Eric van Eerdenburg	Eerdenburg, Eric van	EerdenburgE.htm		
beg	Barbara Eggels	Eggels, Barbara	eGGELSb	14	K
joliene	Jolien Eijsink	Eijsink, Jolien			
jve	Jaap van Eik	Eik, Jaap van	EikJ.htm	3 5 6 11 12 13 14 16 17 22	D
jeilander	Jan Eilander	Eilander, Jan			
ekkel	Daan en Willem Ekkel	Ekkel, Daan en Willem	EkkelDenW.htm		C E H L
priyaelan	Priya Elan	Elan, Priya			G
Elderen	Peter van Elderen	Elderen, Peter van			B
mellen	Mark Ellen	Ellen, Mark		11	G
pelliott	Paul Elliott	Elliott, Paul		12 17	G
fe	Frans Elshout	Elshout, Frans	ElshoutF.htm	16 23	
pemery	Patrick Emery	Emery, Patrick			G
semmer	Stephen Emmer	Emmer, Stephen	EmmerS.htm		
frem	Frits Emmerich	Emmerich, Frits			
fhe	Frits H. Emmerik	Emmerik, Frits H.			
flipvde	Flip van der Enden	Enden, Flip van der	EndenF.htm		D H
vincentve	Vincent van Engelen	Engelen, Vincent van	EngelenV.htm		C H
te	Tom Engelshoven	Engelshoven, Tom	EngelshovenT.htm	2 4 7 9 11 15	D I J
hepte	Hugo Epte	Epte, Hugo			
cescott	Colin Escott	Escott, Colin			G
Eshuijs	Margriet Eshuijs	Eshuijs, Margriet			B K
Esselink	Liesbeth Esselink	Esselink, Liesbeth			B K
meuwe	Martinus Euwe	Euwe, Martinus			
je	Jop Euwijk	Euwijk, Jop			O
cevans	Chris Evans	Evans, Chris			G
deverley	Dave Everley	Everley, Dave			G
ce	Corné Evers	Evers, Corné	EversC.htm	1 2 8 13 16	D
pe	Paul Evers	Evers, Paul	EversP.htm	13	D I
peyles	Priscills Eyles	Eyles, Priscillla			G K
jeffey	Jeff Eymael	Eymael, Jeff			
Ppatric	Patric Fallon	Fallon, Patric			G
jimfarber	Jim Farber	Farber, Jim			
mfarren	Mick Farren	Farren, Mick			G
tf	Thon Fikkerman	Fikkerman, Thon			
FinnN	Neil Finn	Finn, Neil			B G
PtimF	Tim Finney	Finney, Tim			G
benfish	Ben Fisher	Fisher, Ben			G
PlarryF	Larry Fitzmaurice	Fitzmaurice, Larry			G
cfleming	Colin Fleming	Fleming, Colin			G
ottof	Otto Flemminks	Flemminks, Otto	FlermminksO.htm		D
tfles	Tom Flesseman	Flesseman, Tom			
hf	Harm Fokker	Fokker, Harm			
justf	Just Fontein	Fontein, Just			
tfootman	Tim Footman	Footman, Tim		21	G
tforster	Tim Forster	Forster, Tim			G
fionaf	Fiona Fortuin	Fortuin, Fiona	FortuinF.htm		K
rfortune	Ross Fortune	Fortune, Ross			G
jfoxx	John Foxx	Foxx, John			B G
hermanf	Herman Franke	Franke, Herman			
bf	Barend Fransen	Fransen, Barend	FransenB.htm		B
pf	Pieter Franssen	Franssen, Pieter	FranssenP.htm	1 10 13	D H
frerichsr	Rembrandt Frerichs	Frerichs, Rembrandt			
kfreriks	Kester Freriks	Freriks, Kester			
dfricke	David Fricke	Fricke, David		2	G
jlf	Jorge la Fuente	Fuente, Jorge la			
wfj	Will Fulford-Jones	Fulford-Jones, Will			G
jfull	Jamie Fullerton	Fullerton, Jamie			G
hvf	Har van Fulpen	Fulpen, Har van			
afyfe	Andy Fyfe	Fyfe, Andy			G
ggaar	Gillian Gaar	Gaar, Gillian			G
PandrewG	Andrew Gaerig	Gaerig, Andrew			G
GarbusM	Merrill Garbus	Garbus, Merrill			G
ggarner	George Garner	Garner, George			G K
jochemg	Jochem Geerdink	Geerdink, Jochem	GeerdinkJ.htm		
pg	Paul Geerts	Geerts, Paul			
monvg	Monique van Geest	Geest, Monique van			K
dvdgeld	Dominique van der Geld	Geld, Dominique van der		11	K
cvg	Cherié van Gelder	Gelder, Chérie van	GelderC.htm		D K
hugovg	Hugo van Gelderen	Gelderen, Hugo van	GelderenH.htm		C H
ovgelderen	Oscar van Gelderen	Gelderen, Oscar van			
pgellings	Paul Gellings	Gellings, Paul			
igeorge	Iestyn George	George, Iestyn			G
sveng	Sven Gerrets	Gerrets, Sven	GerretsS.htm		
egerritsen	Esther Gerritsen	Gerritsen, Esther			K
pgersen	Paul Gersen	Gersen, Paul	GersenP.htm	6	I
rg	Rolf Gersten	Gersten, Rolf	GerstenR.htm	6 21	
jvg	Jeroen van Gessel	Gessel, Jeroen van			O
Giersbergen	Anneke van Giersbergen	Giersbergen, Anneke van			B K
jgijsen	Johan Gijsen	Gijsen, Johan	GijsenJ.htm		
kgijs	Koos Gijsman	Gijsman, Koos	GijsmanK.htm		
rvgijssel	Robert van Gijssel	Gijssel, Robert van			
agilbert	Andrew Gilbert	Gilbert, Andrew			G
pgilbert	Pat Gilbert	Gilbert, Pat		2 2 9	G
agill	Andy Gill	Gill, Andy		2 11 12 15	G
jorisg	Joris Gillet	Gillet, Joris	GilletJ.htm		
rgiphart	Ronald Giphart	Giphart, Ronald			
graceg	Grace Gladdle	Gladdle, Grace			G
brglas	Brian Glasser	Glasser, Brian			G
jgluck	Jeremy Gluck	Gluck, Jeremy			G
Pcorban	Corban Goble	Goble, Corban			G
sdgoeij	Suzanne de Goeij	Goeij, Suzanne de	GoeijS.htm		D K
aggoemans	Anne-Gine Goemans	Goemans, Anne-Gine			K
Goldfrapp	Alison Goldfrapp	Goldfrapp			B G
jipg	Jip Golsteijn	Golsteijn, Jip	GolsteijnJ.htm	1 4 5 11	D J L
pgonzalez	Pete Gonzalez	Gonzalez, Pete			G
jgonzalo	Jaime Gonzalo	Gonzalo, Jamie			G
dvg	Dis van Gool	Gool, Dis van			
jerryg	Jerry Goossens	Goossens, Jerry	GoossensJ.htm		D
esmeedg	Esmee de Gooyer	Gooyer, Esmee de			K
rgordon	Robert Gordon	Gordon, Robert			G
pgorman	Paul Gorman	Gorman, Paul			G
cgout	Cor Gout	Gout, Cor	GoutC.htm		
sg	Stan Govaard	Govaard, Stan			
jdg	Jochum de Graaf	Graaf, Jochum de			
hdgraaff	Huub de Graaff	Graaff, Huub de	GraaffH.htm		D
kgraat	Koen Graat	Graat, Koen	Graatk.htm		
grandes	Sander Grande	Grande, Sander			
pgrand	Pat Grandjean	Grandjean, Pat			G
lgray	Louise Gray	Gray, Louise			G K
ogray	Oliver Gray	Gray, Oliver			G
PjaysonG	Jayson Greene	Greene, Jayson			G
Greeuw	Jacco de Greeuw	Greeuw, Jacco de			B
hgregory	Hugh Gregory	Gregory, Hugh			G
cgreig	Charlotte Greig	Greig, Charlotte		4	G K
sgriffin	Sid Griffin	Griffin, Sid		1 4 5 11 12	G K
Griffioen	Pascal Griffioen	Griffioen, Pascal			B
ggrob	Gijs Grob	Grob, Gijs	GrobG.htm		
egroen	Erik van 't Groenewout	Groenewout, Erik van 't 	GroenewoutE.htm		
agrolleman	Arjan Grolleman	Grolleman, Arjan	GrollemanA.htm		C H L
avg	Annemiek van Grondel	Grondel, Annemiek van	GrondelA.htm		K
bdg	Basyl de Groot	Groot, Basyl de	GrootB.htm		C H
bg	Belle Groot	Groot, Belle			K
ggroot	Ger Groot	Groot, Ger			
jgroot	Jacob Groot	Groot, Jacob			
ngrootjans	Neil Grootjans	Grootjans, Neil			
jgross	Jason Gross	Gross, Jason			G
harmg	Harm Groustra	Groustra, Harm			
cgrun	Claude Grunitzky	Grunitzky, Claude			G K
jvdg	Jos van der Gun	Gun, Jos van der			
GunnS	Steve Gunn	Gunn, Steve			B G
nguns	Niels Guns	Guns, Niels	GunsN.htm		
lpg	Lino Portela Gutiérrez	Gutiérrez, Lino Portela			G
ahaaf	Alex Haaf	Haaf, Alex			G
jhaag	Jacob Haagsma	Haagsma, Jacob	HaagsmaJ.htm	1 2 7 13 16 18 19 20	D
rhaag	Robert Haagsma	Haagsma, Robert	HaagsmaR.htm	1 3 6 9 11	D
lhaan	Léon Haan	Haan, Léon			
cvdh	Cees van der Haar	Haar, Cees van der			
ahaas	Alex Haas	Haas, Alex			G
mh	Marcel Haerkens	Haerkens, Marcel	HaerkensM.htm	1 3 4 5 11 15 22	D
mhagen	Mark Hagen	Hagen, Mark			G
HaggardM	Merle Haggard	Haggard, Merle			B G
rvh	Ron van Hal	Hal, Ron van	HalR.htm	6	D
phalpin	Padraic Halpin	Halpin, Padraic			G
Hamel	Wouter Hamel	Hamel, Wouter			B
jeroenh	Jeroen Haneveer	Haneveer, Jeroen			
nh	Nique Hanskamp	Hanskamp, Nique			
lexh	Lex Harding	Harding, Lex	HardingL.htm		A C H
thards	Trevor Hards	Hards, Trevor			G
nhardwick	Natalie Hardwick	Hardwick, Natalie			G K
ejharmens	Erik Jan Harmens	Harmens, Erik Jan			
charper	Colin Harper	Harper, Colin		3 5 11 13 14	G
jimharr	Jim Harrington	Harrington, Jim			G
jharring	Jon Harrington	Harrington, Jon			G
jharris	John Harris	Harris, John		11 15	G
sharris	Sophie Harris	Harris, Sophie			G K
aharr	Andrew Harrison	Harrison, Andrew		20	G
HarrisonDh	Dhani Harrison	Harrison, Dhani			G
iharr	Ian Harrison	Harrison, Ian		20	G
jvhars	Jasper van Harskamp	Harskamp, Jasper van	HarskampJ.htm		
kthart	Kees 't Hart	Hart, Kees 't			
Harthoorn	Frank Harthoorn	Harthoorn, Frank			B
PericH	Eric Harvey	Harvey, Eric			G
thasson	Thomas Hasson	Hasson, Thomas			G
julieh	Julie Hauber	Hauber, Julie			K
mhaug	Marcel Haug	Haug, Marcel	HaugM.htm		
eth	Eddy ten Have	Have, Eddy ten			
Havens	Nol Havens	Havens, Nol			B
bhawkes	Ben Hawkes	Hawkes, Ben			G
HawleyR	Richard Hawley	Hawley, Richard			B G
bhay	Barry Hay	Hay, Barry			A
PstevenHy	Steven Hayden	Hayden, Steven			G
thayes	Tim Hayes	Hayes, Tim			G
yvetteh	Yvette Hazebroek	Hazebroek, Yvette			P K
mheat	Michael Heatley	Heatley, Michael			G
pheaton	Paul Heaton	Heaton, Paul			G
jph	Jean-Paul Heck	Heck, Jean-Paul	HeckJP.htm	12 15 16 17	D N
rh	Robert Heeg	Heeg, Robert	HeegR.htm	1 2 3 4 6 10 15 21	D
judhe	Judith Heemskerk	Heemskerk, Judith		7	K
ajhvv	Arend Jan Heerma van Voss	Heerma van Voss, Arend Jan			
Hees	Sven van Hees	Hees, Sven van			B
tijsh	Tijs Heesterbeek	Heesterbeek, Tijs	HeesterbeekT.htm		
afth	A.F.Th. van der Heijden	Heijden, A.F.Th. van der			A
ruudh	Ruud Heijjer	Heijjer, Ruud	HeijjerR.htm	1 3 11 12 13 15	
samh	Sam Heijjer	Heijjer, Sam			
youp	Youp van 't Hek	Hek, Youp van 't			A
ahn	Alexandra Heller-Nicholas	Heller-Nicholas, Alexandra			G K
fh	Frank Helmink	Helmink, Frank	HelminkF.htm	6 21	D H
ehelm	Edward Helmore	Helmore, Edward			G
joosth	Joost Helthuijsen	Helthuijsen, Joost	HelthuijsenJ.htm		
vh	Vincent Henar	Henar, Vincent			
gh	Geert Henderickx	Henderickx, Geert	HenderickxG.htm	1 4 5 11 15	D
dhend	Dave Henderson	Henderson, Dave			G
jhenderson	Jasper Henderson	Henderson, Jasper			
rjhenkes	Robbert-Jan Henkes	Henkes, Robbert-Jan			
mhenry	Morvelisa Henry	Henry, Morvelisa			G K
dhepw	David Hepworth	Hepworth, David		11 15	G
Herman	Benjamin Herman	Herman, Benjamin			B
kasperh	Kasper Hermans	Hermans, Kasper			
Hermes	Niels Hermes	Hermes, Niels			B
fredh	Fred Hermsen	Hermsen, Fred	HermsenF.htm		H
HershKr	Kristin Hersh	Hersh, Kristin			B G
evhest	Erik van Hest	Hest, Erik van			
ronvh	Ronald van Hest	Hest, Ronald van			
heusk	Kees Heus	Heus, Kees			
hvdhe	Hans van den Heuvel	Heuvel, Hans van den	HeuvelH.htm	6 14 21	D
phewitt	Paolo Hewitt	Hewitt, Paolo			G
cheylin	Clinton Heylin	Heylin, Clinton			G
ineytza	Ingmar Heytza	Heytza, Ingmar			
thibbert	Tom Hibbert	Hibbert, Tom			G
jhiddink	Jan Hiddink	Hiddink, Jan	HiddinkJ.htm		
pimh	Pim Hiemstra	Hiemstra, Pim		11	
myrh	Myrthe Hilkens	Hilkens, Myrthe		18	K
HillHarry	Harry Hill	Hill, Harry			G
hilsterr	Rene de Hilster	Hilster, Rene de	HilsterR.htm		
mvh	Michiel van Hinsberg	Hinsberg, Michiel van			
PsamHS	Sam Hockley-Smith	Hockley-Smith, Sam			G
thodgett	Trevor Hodgett	Hodgett,. Trevor			G
whodg	Will Hodgkinson	Hodgkinson, Will		13	G
evahs	Eva Hoefsloot Schmeink	Hoefsloot Schmeink, Eva			K
gjhoekman	Gert-Jaap Hoekman	Hoekman, Gert Jaap	HoekmanGJ.htm		
choetmer	Cindy Hoetmer	Hoetmer, Cindy			K
gvdh	Gerald van der Hoeven	Hoeven, Gerald			
PmarcH	Marc Hogan	Hogan, Marc			G
hh	Henne Hogeweg	Hogeweg, Henne	HogewegH.htm	9	D K
bholdsh	Bill Holdship	Holdship, Bill			G
joolsh	Jools Holland	Holland, Jools			A B G
peterhol	Peter Holland	Holland, Peter	HollandP.htm		D
evhp	Eduard van Holst Pellekaan	Holst Pellekaan, Eduard van	HolstPellekaanE.htm		D
jlh	J.J. Honders	Honders, J.L.			
whoning	Wijand Honing	Honing, Wijand	HoningW.htm		
hvh	Hubert van Hoof	Hoof, Hubert van	HoofH.htm	1 3 4 5 8 11 12	C D H
marcellevh	Marcelle van Hoof	Hooff, Marcelle van	HooffM.htm		K
guuzh	Guuz Hoogaerts	Hoogaerts, Guuz	HoogaertsG.htm		D
ihoogervorst	Ingrid Hoogervorst	Hoogervorst, Ingrid			K
khoog	Kees Hooghiemster	Hooghiemster, Kees	HooghiemsterK.htm	7 18	
hoorwegk	Kim Hoorweg	Hoorweg, Kim			B
wh	Willem Hoos	Hoos, Willem	HoosW.htm	16	
Pjessica	Jessica Hopper	Hopper, Jessica			G K
nhornby	Nick Hornby	Hornby, Nick			G
hornemanp	Phil Horneman	Horneman, Phil			
yh	Yasco Horsman	Horsman, Yasco		13	
hvdh	Herman van der Horst	Horst, Herman van der	HorstH.htm	1 3 4 5 9 10 11 12 13 15 17 20	D J
jvdhorst	Janneke van der Horst	Horst, Janneke van der			K
bhosk	Barney Hoskyns	Hoskyns, Barney		18	G
mhough	Mick Houghton	Houghton, Mick			G
mhouw	Matthias Houweling	Houweling, Matthias			O
jvh	Jeroen van Hove	Hove, Jeroen van			
dhov	Dick Hovenga	Hovenga, Dick	HovengaD.htm	7 13	
Hovius	Marco Hovius	Hovius, Marco			B
PbrianH	Brian Howe	Howe, Brian			G
kh	Koert Hoyng	Hoyng, Koert			
avhu	Arnold van Huet	Huet, Arnold van	HuetA.htm		
whuet	Willem Huetink	Huetink, Willem		11 15 22	
chughes	Claire Hughes	Hughes, Claire			G K
thughes	Tom Hughes	Hughes, Tom			G
bhuisjes	Bert Huisjes	Huisjes, Bert	HuisjesB.htm		
jhuis	Jeroen Huiskamp	Huiskamp, Jeroen			
dhuis	Daniël Huisman	Huisman, Daniël			
joeyh	Joey Huisman	Huisman, Joey			
ghuismans	Gé Huismans	Huismans, Gé	HuismansG.htm		
hanh	Hannelore Hulshof	Hulshof, Hannelore	HulshofH.htm	18	D K
avdh	Alex van der Hulst	Hulst, Alex van der	HulstA.htm	5 16 18	
ahulst	Auke Hulst	Hulst, Auke			
HumoBv	Bonnie Voet	Humo - BV			G
HumoCv	Humo - CV	Humo - CV			G
HumoDc	Humo - DC	Humo - DC			G
HumoFvd	Frederick VanDromme	Humo - FvD			G
HumoHs	Humo - HS	Humo - HS			
HumoMdj	Humo - MDJ	Humo - MDJ			
phumph	Patrick Humphries	Humphries, Patrick			G
chunt	Chris Hunt	Hunt, Chris			G
khunt	Ken Hunt	Hunt, Ken			G
whurk	Willem Hurkmans	Hurkmans, Willem	HurkmansW.htm	1 5 13	
mhurtt	Michael Hurtt	Hurtt, Michael			G
dhutch	David Hutcheon	Hutcheon, David		1 10 12 13	G
alhutch	Al Hutchins	Hutchins, Al			G
lhutton	Lindsay Hutton	Hutton, Lindsay			G K
jvdhuyk	Jack van Huyk	Huyk, Jack van de			
jackyh	Jacky Huys	Huys, Jackie	HuysJ.htm		D G
shyde	Spike Hyde	Hyde, Spike			G
lotjeij	Lotje IJzermans	IJzermans, Lotte	IJzermansL.htm		C H K
cingham	Chris Ingham	Ingham, Chris		13 16	G
jeroenvi	Jeroen van Inkel	Inkel, Jeroen van	InkelJ.htm		C H
jim	Jim Irvin	Irvin, Jim		5 11 14 17 23	G
cirwin	Colin Irwin	Irwin, Colin		4 5 11	G
jirwin	Jim Irwin	Irwin, Jim			G
isis	Isis	Isis			
sashai	Sasha Ivantic	Ivantic, Sasha			
pjackson	Philip Jackson	Jackson, Philip			G
tjackson	Tina Jackson	Jackson, Tina			G K
hj	Hans Jacobi	Jacobi, Hans			O
gjj	Gert-Jan Jacobs	Jacobs, Gert-Jan	JakobsGJ.htm		D
mozej	Moze Jacobs	Jacobs, Moze	JacobsM.htm		D K
tj	Theo Jacobs	Jacobs, Theo			
sjacobson	Seth Jacobson	Jacobson, Seth			G
rjager	Rita Jager	Jager, Rita	JagerR.htm		K
josj	Jos Jägers	Jagers, Jos	JagersJ.htm		D
jjam	James Jam	Jam, James			G
ronjans	Ron Jans	Jans, Ron			
JansenAndo	Ando Jansen	Jansen, Ando			B
bj	Bert Jansen	Jansen, Bert	JansenB.htm	1 3	D
JansenGerard	Gerard Jansen	Jansen, Gerard	JansenG.htm		B
jellej	Jelle Jansen	Jansen, Jelle		9	
JansenPeter	Peter Jansen	Jansen, Peter			B
frankj	Frank Janssen	Janssen, Frank	JanssenF.htm		D
gjanssen	Gerard Janssen	Janssen, Gerard			
kellyj	Kelly Janssen	Janssen, Kelly			K
lucj	Luc Janssen	Janssen, Luc	JanssenL.htm		C D G H
pj	Peter Janssens	Janssens, Peter			
sjarin	Stan Jarin	Jarin, Stan			G
kjaspers	Klaartje Jaspers	Jaspers, Klaartje			K
sjelbert	Steve Jelbert	Jelbert, Steve			G
stinej	Stine Jensen	Jensen, Stine			K
Joan as	Joan as Police woman	Joan as Police woman			B G K
rjobes	Richard Jobes	Jobes, Richard			G
ejohn	Elton John	John, Elton	JohnE.htm		A B G
hjohns	Howard Johnson	Johnson, Howard			G
kjohnson	Kevan Johnson	Johnson, Kevan			G
sjohnson	Syl Johnson	Johnson, Syl			G
tjohnson	Troy Johnson	Johnson, Troy			G
joke	Joke en Erik	Joke en Erik			
fvjole	Francisco van Jole	Jole, Francisco van			A
Jolink	Gijs Jolink	Jolink, Gijs			B
ljolly	Luke Jolly	Jolly, Luke			G
BookerT	Booker T. Jones	Jones, Booker T.			B G
cljones	Cliff Jones	Jones, Cliff			G
JonesMick	Mick Jones	Jones, Mick			B G
tjones	Tim Jones	Jones, Tim			G
JongCock	Cock de Jong	Jong, Cock de			B
dwdejong	Dirk W. de Jong	Jong, Dirk W. de	JongDW.htm		
JongFokke	Fokke de Jong	Jong, Fokke de			B
odjong	Oek de Jong	Jong, Oek de			A
sdjong	Sjoerd de Jong	Jong, Sjoerd de			
sdj	Stefan de Jong	Jong, Stefan de			
tdj	Theo de Jong	Jong, Theo de	JongTheo		
tomdj	Tom de Jong	Jong, Tom de	JongT.htm		
wdjong	Wilfried de Jong	Jong, Wilfried de			A
cdejonge	Coen de Jonge	Jonge, Coen de	JongeC.htm		
fdejonge	Freek de Jonge	Jonge, Freek de			A
harrodj	Harro de Jonge	Jonge, Harro de	JongeH.htm		H
hdj	Harry de Jonge	Jonge, Harry de	JongeH.htm	1 3 4 5 11 12 15	C H
wj	Willem Jongeneelen	Jongeneelen, Willem	JongeneelenW.htm	9 11 18	D
ajongstra	Atte Jongstra	Jongstra, Atte			
gjonkers	Gert Jonkers	Jonkers, Gert	JonkersG.htm		D
jjonkman	Janneke Jonkman	Jonkman, Janneke			K
HumoJub	Jub	Jub			K
jignacio	Ignacio Julìa	Julia, Ignacio			G K
rkag	Rudie Kagie	Kagie, Rudie	KagieR.htm		
akahn	Ashley Kahn	Kahn, Ashley			G
pkalli	Phillip Kalli	Kalli, Phillip			G
gkamer	Gijsbert Kamer	Kamer, Gijsbert	KamerG.htm	11 15	D J
bvdk	Bert van de Kamp	Kamp, Bert van de	KampB.htm	1 2 3 4 5 6 10 11 13 14 15	D J
zvk	Zwanet van Kampen	Kampen, Zwanet van	KampenZ.htm		D K
mkamphuis	Marcel Kamphuis	Kamphuis, Marcel			
bkamsma	Ben Kamsma	Kamsma, Ben	KamsmaB.htm		
KaneM	Miles Kane	Kane, Miles			B G
henkk	Henk Kanning	Kanning, Henk	KanningH.htm		
skansa	Spencer Kansa	Kansa, Spencer			G
ek	Erik Kaper	Kaper, Erik		5 6 12	
hkappen	Hanneke Kappen	Kappen, Hanneke	KappenH.htm		C H K
mk	Matthieu Karel	Karel, Matthieu		3	
Karkousse	Mickael Karkousse	Karkousse, Mickael			B
ivk	Ignit van Kasteren	Kasteren, Ignit van	KasterenI.htm		K
ykato	Yoshi Kato	Kato, Yoshi			G
ck	Cock Kats	Kats, Cock			O
dkatz	David Katz	Katz, David			G
dkeenan	David Keenan	Keenan, David			G
lionk	Lion Keezer	Keezer, Lion	KeezerL.htm		
krisk	Kris Keijser	Keijser, Kris			
KeizerJan	Jan Keizer	Keizer, Jan			B
dkellt	David Kellt	Kelly, David			G
ekelly	Emily Kelly	Kelly, Emily			G K
PkimK	Kim Kelly	Kelly, Kim			G
Pzach	Zach Kelly	Kelly, Zach			G
wvk	Wink van Kempen	Kempen, Wink van	KempenW.htm		
jkendall	Jo Kendall	Kendall, Jo			G
jkennedy	Jake Kennedy	Kennedy, Jake			G
nkent	Nick Kent	Kent, Nick			G
olk	Olivier Kerkdijk	Kerkdijk, Olivier	KerkdijkO.htm	6	
skerkhof	Sander Kerkhof	Kerkhof, Sander	KerkhofS.htm		C D H
Kerkhof	Wim Kerkhof	Kerkhof, Wim			B
bvkes	Bert van Kessel	Kessel, Bert van	KesselB.htm	11	
nkester	Nathalie Kester	Kester, Nathalie	KesterN.htm		D K
tomk	Tom Ketelaar	Ketelaar, Tom	KetelaarT.htm		
ckeulemans	Chris Keulemans	Keulemans, Chris			
mkeylock	Miles Keylock	Keylock, Miles			G
klatb	Boelo Klat	Klat, Boelo			
davidkl	David Kleijwegt	Kleijwegt, David	KleijwegtD.htm		D J
rixtk	Rixt Kleinjan	Kleinjan, Rixt	KleinjanR.htm	11 23	
Klemann	Monique Klemann	Klemann, Monique			B K
joepk	Joep Klinkenberg	Klinkenberg, Joep			
dkl	Dennis Kloeth	Kloeth, Dennis			
hk	Huub Klompenhouwer	Klompenhouwer, Huub			
guuskl	Guus ten Klooster	Klooster, Guus ten			
kluun	Kluun	Kluun			A
jknaep	Jos Knaepen	Knaepen, Jos	KnaepenJ.htm		
josk	Jos Knipscheer	Knipscheer, Jos			
klaask	Klaas Knooihuizen	Knooihuizen, Klaas	KnooihuizenK.htm		
hkoch	Herman Koch	Koch, Herman			
koerstefan	Stefan Koer	Koer, Stefan			
dk	Danny Koks	Koks, Danny	KoksD.htm	1 6 10 18 21	D
kdk	Kees de Koning	Koning, Kees de	KoningK.htm	7 17 18	C D H
pdk	Peter de Koning	Koning, Peter de			O
jk	Jan Kooi	Kooi, Jan			
sasjak	Sasja Kooistra	Kooistra, Sasja	KooistraS.htm		
hkoolen	Henk Koolen	Koolen, Henk	KoolenH.htm		
jellek	Jelle Koolstra	Koolstra, Jelle	KoolstraJ.htm		C H
ckoop	Claudia Koopman	Koopman, Claudia		18	K
tiemenk	Tiemen Koopman	Koopman, Tiemen	KoopmanT.htm		
rk	Rudy Koopmans	Koopmans, Rudy		16	
pk	Peter Koops	Koops, Peter	KoopsP.htm		D L
wk	Wendy Koops	Koops, Wendy			K
kvkooten	Kees van Kooten	Kooten, Kees van			A
robk	Rob Kopp	Kopp, Rob			
ikoppe	Iris Koppe	Koppe, Iris			K
dkoppes	Dirk Koppes	Koppes, Dirk	KoppesD.htm		
skoreman	Sander Koreman	Koreman, Sander			
akorteweg	Ariejan Korteweg	Korteweg, Ariejan	KortewegAJ.htm		D
sk	Simon Korteweg	Korteweg, Simon		16	
esk	Erik S. Korthof	Korthof, Erik S.			
akoster	Alex Koster	Koster, Alex	KosterA.htm		
mkoster	Mark Koster	Koster, Mark	KosterM.htm		
gkot	Greg Kot	Kot, Greg			G
Kraaijeveld	Frank Kraaijeveld	Kraaijeveld, Frank			B
mkrabbe	Maarten Krabbé	Krabbe, Maarten	KrabbeM.htm		A C H
KrallD	Diana Krall	Krall, Diana			B G
leokr	Leo Kramer	Kramer, Leo	KramerL.htm	1 4 11 12 15	
wkramer	Wayne Kramer	Kramer, Wayne			G
kranendonkm	Marcel Kranendonk	Kranendonk, Marcel			
jkrech	Jochem Krechting	Krechting, Jochem			
Kribben	Ben Kribben	Kribben, Ben			B
Krieger	Robbie Krieger	Krieger, Robbie			B G
lvkrimpen	Lois van Krimpen	Krimpen, Lois van			
mkr	Michiel Kroder	Kroder, Michiel		18	
jdkr	Jan Douwe Kroeske	Kroeske, Jan Douwe	KroeskeJD.htm		A C E H
Krom	Ro Krom	Krom, Ro	KromR.htm		B
pkruyt	Petra Kruyt	Kruyt, Petra			K
elzekuiper	Elze Kuiper	Kuiper, Elze			K
mkuip	Martin Kuiper	Kuiper,Martin	KuiperM.htm		
pkuiters	Peter Kuiters	Kuiters, Peter	KuitersP.htm		D
lkulze	Liz Kulze	Kulze, Liz			G K
ok	Oene Kummer	Kummer, Oene	KummerO.htm	7 11 12 13 19 22	D
fkusters	Frans Kusters	Kusters, Frans			
akuyper	Amanda Kuyper	Kuyper, Amanda	KuyperA.htm		K
skuyper	Sjoerd Kuyper	Kuyper, Sjoerd			
kwaku	Kwaku	Kwaku			G
Lademacher	Dany Lademacher	Lademacher, Dany			B
ladyaida	Lady Aïda	Lady Aïda	Lady%20Aida.htm	7	C D K
sl	Stefan Lafayette	Lafayette, Stefan		4	
alagarde	Alfred Lagarde	Lagarde, Alfred	LagardeA.htm		C H L
rlagen	Robert Lagendijk	Lagendijk, Robert	LagendijkR.htm		
slamacq	Steve Lamacq	Lamacq, Steve			G
mlamarr	Mark Lamarr	Lamarr, Mark			G
jessical	Jessica Lambert	Lambert, Jessica			G K
plamberts	Patrick Lamberts	Lamberts, Patrick			
tjl	Tjerk Lammers	Lammers, Tjerk	LammersT.htm	6 11 14	D I
plang	Pippa Lang	Lang, Pippa			G
marl	Marcel Langedijk	Langedijk, Marcel			
shlomo	Shlomo de Lara	Lara, Sholomo de			K
fredl	Fred Lardenoye	Lardenoye, Fred			
clarkin	Colin Larkin	Larkin, Colin			G
Laroo	Saskia Laroo	Laroo, Saskia			B K
alaur	Atlee Laurence	Laurence, Atlee			G
jlaw	Johnny Law	Law, Johnny			G
elmo	Elmo Lê Van	Lê Van, Elmo			
pvdl	Paul van der Lecq	Lecq, Paul van der		4 5 11 12 15	
stlee	Stewart Lee	Lee, Stewart			G
wilcol	Wilco Leene	Leene, Wilco	LeeneW.htm		
mlees	Matthew Lees	Lees, Matthew			G
rdleeuw	Rick de Leeuw	Leeuw, Rick de			
fvl	Frans van Leeuwen	Leeuwen, Frans van	LeeuwenF.htm		
robvanl	Rob van Leeuwen	Leeuwen, Rob van	LeeuwenR,htm		
llehmann	Louis Lehmann	Lehmann, Louis			
sleigh	Spencer Leigh	Leigh, Spencer			G
Paaron	Aaron Leitko	Leitko, Aaron			G
jld	Jules Lekanne Deprez	Lekanne Deprez, Jules	LekanneDeprezJ.htm	11 12 14 20	D
ruudl	Ruud Lemmen	Lemmen, Ruud	LemmenR.htm		
plester	Paul Lester	Lester, Paul			G
LetoJ	Jared Leto	Leto, Jared			G
LeviM	Mica Levi	Levi, Mica			G
nlevine	Nick Levine	Levine, Nick			G
slj	Swaan Levy Janssen	Levy Janssen, Swaan			
joellewis	Joel Lewis	Lewis, Joel			G
jlewis	John Lewis	Lewis, John			G
mlewis	Mark Lewisohn	Lewisohn, Mark			G
tl	Ted Leyendekker	Leyendekker, Ted			
jl	Jan Libbenga	Libbenga, Jan	LibbengaJ.htm	1 5 13 20	D
ll	Liam Lidbetter	Lidbetter, Liam			G
bvl	Bart van Lienden	Lienden, Bart van			
tvlieshout	Ted van Lieshout	Lieshout, Ted van			
clind	Christoph Lindemann	Lindemann, Christoph			G
alinden	Amy Linden	Linden, Amy			G K
mlin	Matthijs Linnemann	Linnemann, Matthijs	LinnemanM.htm	1 2 5 15	D
alisle	Andria Lisle	Lisle, Andria		3 6 12 16	G
LloydR	Richard Lloyd	Lloyd, Richard			B G
chrislo	Chris Lo	Lo, Chris			G
cloben	Carl Loben	Loben, Carl			G
hl	Hans Loeve	Loeve, Hans		11	
lohuesd	Daniël Lohues	Lohues, Daniël			B
fl	Frans Lomans	Lomans, Frans	LomansF.htm	1 15	
jlomax	John Lomax	Lomax, John			G
along	April Long	Long, April			G K
plong	Pat Long	Long, Pat			G
mlongley	Martin Longley	Longley, Martin			G
avl	Annemarie van Looij	Looij, Annemarie van	LooijA.htm	11 21	D K
gl	Gerson Lopes	Lopes, Gerson			O
losj	Jacques Los	Los, Jacques			
Lovsky	Fay Lovsky	Lovsky, Fay			B K
slowe	Steve Lowe	Lowe, Steve			G
rlowry	Ray Lowry	Lowry, Ray			G
alubach	Arjen Lubach	Lubach, Arjen			
hvdlubbe	Huub van der Lubbe	Lubbe, Huub van der			A
Lucassen	Arjen Anthony Lucassen	Lucassen, Arjen Anthony			B
Fonz	Lucky Fonz III	Lucky Fonz III			B
jvlunt	Jairo van Lunteren	Lunteren, Jairo van			
jvl	John van Luyn	Luyn, John van	LuynJ.htm		D
mlydon	Michael Lydon	Lydon, Michael			G
hvdm	Hans van der Maas	Maas, Hans van der	MaasH.htm		
ferrym	Ferry Maat	Maat, Ferry	MaatF.htm	12	C H
MaatM	Marijn van der Maat	Maat, Marijn van der			B
robm	Rob Maat	Maat, Rob			O
bmacdonald	Bruno MacDonald	MacDonald, Bruno			G
imacdon	Ian MacDonald	MacDonald, Ian			G
Macfarlane	Alan MacFarlane	MacFarlane, Alan			B
bmachell	Ben Machell	Machell, Ben			G
alimac	Ali MacQueen	MacQueen, Ali			G
Prachel	Rachel Maddux	Maddux, Rachel			G K
maestro	DJ Maestro	Maestro, DJ	Maestro.htm		
gm	Gert Mahieu	Mahieu, Gert			
amale	Andrew Male	Male, Andrew		12	G
pm	Paul Manak	Manak, Paul	ManakP.htm	12 17 18	D
bvm	Bert van Manen	Manen, Bert van		14	
mmannaerts	Mathieu Mannaerts	Mannaerts, Mathieu			
tmanning	Toby Manning	Manning, Toby		5	G
hmantel	Hans Mantel	Mantel, Hans	MantelH.htm		
rman	Roy Mantel	Mantel, Roy	MantelR.htm		D
Manuel	André Manuel	Manuel, André			B
am	Adrie Markx	Markx, Adrie			
Marling	Laura Marling	Marling, Laura			B G
cmarlowe	Chris Marlowe	Marlowe, Chris			G
tmarrs	Tim Marrs	Marrs, Tim			G
dmarsh	Dave Marsh	Marsh, Dave			G
Marsman	Joost Marsman	Marsman, Joost			B
wjmart	Willem-Jan Martin	Martin, Willem-Jan			
PmarcMas	Marc Masters	Masters, Marc			G
jm	Joost Mattheij	Mattheij, Joost			
jmayc	James Maycock	Maycock, James		13	G
jmccrea	John McCready	McCready, John			G
smcewen	Simon McEwen	McEwen, Simon			G
kmcgee	Kathryn McGee	McGee, Kathryn			G K
pmcgee	Paul McGee	McGee, Paul			G
bmcilheney	Barry McIlheney	McIlheney, Barry			G
jmciver	Joe McIver	McIver, Joe			G
kmclaugh	Kylie McLaughlin	McLaughlin, Kylie			G K
cmclean	Craig McLean	McLean, Craig			G
jamesmc	James McMahon	McMahon, James			G
imcnabb	Ian McNabb	McNabb, Ian			G
jmcnair	James Mcnair	McNair, James		6 11 17	G
mmeer	Malik Meer	Meer, Malik			G
renem	René van der Meer	Meer, René van der			
rm	René Megens	Megens, René	MegensR.htm	1 11 15	D
bobmehr	Bob Mehr	Mehr, Bob			G
nicolam	Nicola Meighan	Meighan, Nicola			G K
Meighan	Tom Meighan	Meighan, Tom			B G
Meij	Jan van der Meij	Meij, Jan van der			B
larsm	Lars Meijer	Meijer, Lars	MeijerL.htm		
rinm	Rindert Meijer	Meijer, Rindert		16	
ruudm	Ruud Meijer	Meijer, Ruud	MeijerR.htm	16 17	
sm	Sietse Meijer	Meijer, Sietse	MeijerS.htm	2	D
rmeijerink	Robert Meijerink	Meijerink, Robert	MeijerinkR.htm		
cm	Constant Meijers	Meijers, Constant	MeijersC.htm	11 12	D H I
em	Egbert Meijers	Meijers, Egbert			
jmeijs	Josselien Meijs	Meijs, Josselien	MeijsJ.htm		D K
Mellencamp	John Mellencamp	Mellencamp, John			B G
mcmelzer	Marie-Claire Melzer	Melzer, Marie-Claire	MelzerMJ.htm		G K
cmenist	Chris Menist	Menist, Chris			G
Mennen	Joost Mennen	Mennen, Joost			B
Mensink	Rick Mensink	Mensink, Rick			B
pmepschen	Paul Mepschen	Mepschen, Paul			
bm	Billy Mercedes	Mercedes, Billy			
wimmeul	Wim Meuleman	Meuleman, Wim			
pieterm	Pieter Meulendijks	Meulendijks, Pieter			
felixm	Felix Meurders	Meurders, Felix	MeurdersF.htm		A C E H
jmey	Jan Meyroos	Meyroos, Jan			
kmicallef	Ken Micallef	Micallef, Ken		16	G
Mickers	Davy Mickers	Mickers, Davy			B
jvmiersbergen	Jan van Miersbergen	Miersbergen, Jan van			
marcm	Marc Mijlemans	MIjlemans, Marc	MijlemansM.htm		D G
amilas	Alexander Milas	Milas, Alexander			G
miles	Miles	Miles			G
lynnm	Lynn Miles	Miles, Lynn			G
amiller	Andy Miller	Miller, Andy			G
jmills	James Mills	Mills, James			G
mmills	Mike Mills	Mills, Mike			G
MillsP	Phil Mills	Mills, Phil			B
PevanM	Evan Minsker	Minsker, Evan			G
jmitchell	John Mitchell	Mitchell, John			G
Moby	Moby	Moby			B G
tmohlmann	Thomas Möhlmann	Möhlmann, Thomas			
ralfm	Ralf Mohren	Mohren, Ralf			
rvdm	Rianne van der Molen	Molen, Rianne van der	MolenR.htm		K
Molendijk	Ronald Molendijk	Molendijk, Ronald			B
mm	Michiel Moll	Moll, Michiel	MollM.htm	12	D
tvdm	Tim van der Mond	Mond, Tim van der			
tomonnik	Ton Olde Monnikhof	Monnikhof, Ton Olde	MonnikhofTO.htm		D
MooreJohn	John Moore	Moore, John			G
elsmoors	Els Moors	Moors, Els			K
hm	Holly Moors	Moors, Holy	MoorsH	1 3 5 11 13	
mmoring	Marcel Möring	Möring, Marcel			A
amorris	Andy Morris	Morris, Andy			G
mmorris	Mark Morris	Morris, Mark			G
emorse	Erik Morse	Morse, Erik			G
guymort	Guy Mortier	Mortier, Guy	MortierG.htm		D G
rmjack	Richard Morton Jack	Morton Jack, Richard			G
robmorton	Rob Morton	Morton, Rob			G
rmorton	Roger Morton	Morton, Roger			G
Mosshart	Alison Mosshart	Mosshart, Alison			G K
MotionA	Andrew Motion	Motion, Andrew			G
ldum	Louis du Moulin	Moulin, Louis du	MoulinLdu.htm		D
bertramm	Bertram Mourits	Mourits, Bertram			
bm&ps	Bertram Mourits & Pieter Steinz	Mourits, Bertram & Pieter Steinz			
edmuit	Ed Muitjens	Muitjens, Ed			
jdmul	Jos de Mul	Mul, Jos de			
pegm	Peggy Mulder	Mulder, Peggy			K
gmulh	Garry Mulholland	Mulholland, Garry			G
jmullen	John Mullen	Mullen, John			G
fdmunnik	Frank de Munnik	Munnik, Frank de			
Munnik	Paul de Munnik	Munnik, Paul de			B
munozcr	Omar Munoz-Cremers	Munoz-Cremers, Omar	MunozCremersO.htm		
rmurdoch	Ross Murdoch	Murdoch, Ross			G
PmatthewM	Matthew Murphy	Murphy, Matthew			G
Muskee	Harry Muskee	Muskee, Harry			B
benmyers	Ben Myers	Myers, Ben			G
hansn	Hans Nacinovic	Nacinovic, Hans			
tnaegels	Tom Naegels	Naegels, Tom			
rn	Rumnique Nannar	Nannar, Rumnique			G
bnatter	Bert Natter	Natter, Bert			
hnauta	Hans Nauta	Nauta, Hans	NautaH.htm		D
jn	Jan Nauta	Nauta, Jan	NautaJ.htm	12 17	D
jnebbeling	Johan Nebbeling	Nebbeling, Johan			
kneeds	Kris Needs	Needs, Kris			G
hann	Han Neijenhuis	Neijenhuis, Han			
aneill	Andy Neill	Neill, Andy			G
mvn	Marco van Nek	Nek, Marco van			
cnelson	Chris Nelson	Nelson, Chris		2 11	G
rnewson	Richard Newson	Newson, Richard			G
PnickN	Nick Neyland	Neyland, Nick			G
knicholls	Katie Nicholls	Nicholls, Katie			G K
dnichols	David Nichols	Nichols, David			G
wn	Wim Niehaus	Niehaus, Wim	NiehausW.htm		D
Nielsen	Rick Nielsen	Nielsen, Rick			B G
joostn	Joost Niemöller	Niemoller, Joost	NiemollerJ.htm		D
eefn	Eefje Nienhuis	Nienhuis, Eefje			K
hvn	Harry van Nieuwenhoven	Nieuwenhoven, Harry van	NieuwenhovenH.htm	1 2 3 4 5 10 11 12 13 14 15 16 17	D L
pn	Philip Nijman	Nijman, Philip	NijmanP.htm	1 5 13	
wnoe	Waldemar Noë	Noë, Waldemar			
mnolis	Marc Nolis	Nolis, Marc			
Nolte	Marc Nolte	Nolte, Marc			B
wimn	Wim Noordhoek	Noordhoek, Wim	NoordhoekW.htm	1 3	C H
snoort	Saskia Noort	Noort, Saskia			K
snorman	Sarah Norman	Norman, Sarah			G K
PandrewN	Andrew Nosnitsky	Nosnitsky, Andrew			G
pnotari	Peter Notari	Notari, Peter			G
mn	Miranda Notenboom	Notenboom, Miranda	NotenboomM		K
ln	Louis Nouws	Nouws, Louis	NouwsL.htm	4 5 11 13 16	
pdnoyer	Paul du Noyer	Noyer, Paul du		4	G I
NumanG	Gary Numan	Numan, Gary			B G
Nyhoff	Erwin Nyhoff	Nyhoff, Erwin			B
wvo	Willem van O.	O., Willem van			
OBrienC	Conor O'Brien	O'Brien, Conor			G
lobrien	Lucy O'Brien	O'Brien, Lucy		17	G K
soconnell	Sharon O'Connell	O'Connell, Sharon			G K
roconnor	Rob O'Connor	O'Connor, Rob			G
pimo	Pim Oets	Oets, Pim	OetsP.htm		D
mogorman	Martin O'Gorman	O'Gorman, Martin			G
pierreo	Pierre Oitmann	Oitmann, Pierre			
quinzo	Quinz Oldenhof	Oldenhof, Quinz			
to	Thom Olink	Olink, Thom			
doliver	Dave Oliver	Oliver, Dave			G
vicol	Vico Olling	Olling, Vico			
gvo	Gertjan van Ommen	Ommen, Gertjan van			
lucond	Luc Onderdonk	Onderdonk, Luc	OnderdonkL.htm		
bo	Berend Ongena	Ongena, Berend			
joomkens	John Oomkens	Oomkens, John	OomkensJ.htm		D
so	Saskia Oomkes	Oomkes, Saskia	OomkesS.htm	11	K
merelo	Merel Oord	Oord, Merel			K
Oosten	Roald van Oosten	Oosten, Roald van			B
oosteromh	Hanyo van Oosterom	Oosterom, Hanyo van			
rogiero	Rogier Oostlander	Oostlander, Rogier	OostlanderR.htm		D
cvo	Chris van Oostrom	Oostrom, Chris van	OostromC.htm	4 5 6 7 11 12 13 15 16 22	D
pero	Perry Oostrum	Oostrum, Perry	OostrumP.htm	2 7 11 14 19 20	
fo	Frits Oostvogel	Oostvogel, Frits			
ho	Herman Openneer	Openneer, Herman			
Ophuis	Manda Ophuis	Ophuis, Manda			B K
joregan	John O'Regan	O'Regan, John			G
OrtonB	Beth Orton	Orton, Beth			B G
avos	Angélique van Os	Os, Angélique van	OsAvan.htm		K
moshinsky	Matthew Oshinsky	Oshinsky, Matthew			G
go	Georgette Oskamp	Oskamp, Georgette			O K
cotten	Christine Otten	Otten, Christine			K
maico	Maic Oudejans	Oudejans, Maic			
touwehand	Ton Ouwehand	Ouwehand, Ton	OuwehandT.htm		
po	Patrick Oxsener	Oxsener, Patrick	OxsenerP.htm	6 11 12 17 18 22	D I
spafford	Steve Pafford	Pafford, Steve			G
ppakvis	Peter Pakvis	Pakvis, Peter	PakvisP.htm		
maxpalf	Max Palfenier	Palfenier, Max	PalfenierM.htm		D
rp	Roberto Palombit	Palombit, Roberto	PalombitR.htm	2 14 16	D
ppaphides	Peter Paphides	Paphides, Peter			G
ddparis	Didi de Paris	Paris, Didi de			
lparker	Lyndsey Parker	Parker, Lyndsey			G K
rpasset	René Passet	Passet, René	PassetR.htm		
Pnate	Nate Patrin	Patrin, Nate			G
Paulusma	Jelle Paulusma	Paulusma, Jelle			B
mpawloswski	Mauro Pawlowski	Pawlowski, Mauro			
mpayt	Mark Paytress	Paytress, Mark		2 14	G
kpearce	Kevin Pearce	Pearce, Kevin			G
gpeek	Gustaaf Peek	Peek, Gustaaf			
johnpeel	John Peel	Peel, John	PeelJ.htm	1 2	A C G H L
bpeeters	Bart Peeters	Peeters, Bart	PeetersB.htm		A E G
emilp	Emil Peeters	Peeters, Emil	PeetersE		D
marnixp	Marnix Peeters	Peeters, Marnix	PeetersM.htm		D G
npek	Norbert Pek	Pek, Norbert	PekN.htm		
PjennP	Jenn Pelly	Pelly, Jenn			G
dpels	Dick Pels	Pels, Dick			
apemberton	Andy Pemberton	Pemberton, Andy			G
clp	Corneille Perche	Perche, Corneille			
royp	Roy Pereira	Pereira, Roy	PereiraR.htm	18	
aperry	Andrew Perry	Perry, Andrew		9 10 20	G
dpesch	David Peschek	Peschek, David		11 12	G
mpetersen	Marco Petersen	Petersen, Marco	PetersenM.htm		
mpeterson	Michael Peterson	Peterson, Michael			
jpetit	Jan Petit	Petit, Jan			
apetri	Alexis Petridis	Petridis, Alexis		17	G
PamandaP	Amanda Petrusich	Petrusich, Amanda			G K
YannisP	Yannis Philippakis	Philippakis, Yannis			B G
PamyPh	Amy Phillips	Phillips, Amy			G K
cpia	Camilla Pia	Pia, Camilla			G K
apickering	Andy Pickering	Pickering, Andy			G
rpiep	Richard Piepenbrock	Piepenbrock, Richard			
lpieper	Liam Pieper	Pieper, Liam			G
timop	Timo Pisart	Pisart, Timo			
jvdp	Jan van der Plas	Plas, Jan van der	PlasJ.htm	5 11 13 18	D
rplatts	Robin Platts	Platts, Robin			G
evdpl	Elsbeth van der Ploeg	Ploeg, Elsbeth van der			K
Ploeg	Syb van der Ploeg	Ploeg, Syb van der			B
tpl	Theo Ploeg	Ploeg, Theo	PloegT.htm	7 20	
bp	Betti Plug	Plug, Betti			O K
nplum	Nardia Plumridge	Plumridge, Nardia			G K
mpoacher	Matt Poacher	Poacher, Matt			G
HumoCP	Charlie Poel	Poel, Charlie			G
lpolak	Leo Polak	Polak, Leo			
cpolders	Claire Polders	Polders, Claire			K
fvdp	Frank van de Poll	Poll, Frank van de	PollF.htm		
kpol	Kees Polling	Polling, Kees			
mpols	Menno Pols	Pols, Menno			
kpool	Koen Poolman	Poolman, Koen	PoolmanK.htm	2 5 7 8 9 18 19 20	D I
dp	Dick Portegies	Portegies, Dick			
hmp	Hans-Maarten Post	Post, Hans-Maarten			
npost	Niels Post	Post, Niels	PostN.htm		
postonno	Onno Post	Post, Onno			
mpostema	Mark Postema	Postema, Mark	PostemaM.htm		
eposthuma	Eva Posthuma de Boer	Posthuma de Boer, Eva			K
mennop	Menno Pot	Pot, Menno	PotM.htm		D
kpotter	Kerry Potter	Potter, Kerry			G
epouncey	Edwin Pouncey	Pouncey, Edwin			G
PmikePow	Mike Powell	Powell, Mike			G
jdup	Jan du Pree	Pree, Jan du	PreeJ.htm	5 11	
mprend	Mark Prendergast	Prendergast, Mark			G
hpr	Harry Prenger	Prenger, Harry	PrengerH.htm	2 11	
sprice	Simon Price	Price, Simon			G
cprior	Clive Prior	Prior, Clive		3 16	G
dpriore	Domenic Priore	Priore, Domenic			G
mpruis	Marja Pruis	Pruis, Marja			K
cp	Corien Pull	Pull, Corien			O K
spunter	Sigrid Punter	Punter, Sigrid			K
svdp	Sandra van de Putte	Putte, Sandra van de			O K
mvp	Maarten van Putten	Putten, Maarten van			O
mp	Maudie Putter	Putter, Maudie			K
PmarkPyt	Mark Pytlik	Pytlik, mark			G
HumoNq	Nicolaas Quaeghebeur	Quaeghebuer, Nicolaas			
sraatgever	Stefan Raatgever	Raatgever, Stefan	RaatgeverS.htm		
jraats	Jos Raats	Raats, Jos	RaatsJ.htm		C D
Raekwon	Raekwon	Raekwon			B G
hr	Hans Ramaer	Ramaer, Hans		3	
leonr	Leon Ramakers	Ramakers, Leon	RamakersL.htm		
mrandall	Mac Randall	Randall, Mac			G
arasmijn	Ariën Rasmijn	Rasmijn, Ariën	RasmijnA.htm		
arayner	Alex Rayner	Rayner,Alex			G
?	Recensent onbekend	Recensent onbekend			
Red.	Redactie	Redactie			
predmond	Peter Redmond	Redmond, Peter			G
jwvr	Jan-Willem van Ree	Ree, Jan-Willem van			O
jwvr	Jan-Willem van Ree	Ree, Jan-Willem van			O
creece	Craig Reece	Reece, Craig			G
fr	Fred Reelick	Reelick, Fred			
fr/ap	Fred Reelick & André Post	Reelick, Fred & André Post			
eyalvdr	Eyal van der Reep	Reep, Eyal van der			
mvra	Maarten van Regteren Altena	Regteren Altena, Maarten van			
preid	Pat Reid	Reid, Pat			G
roosr	Roosmarijn Reijmer	Reijmer, Roosmarijn	ReijmerR.htm		K
vicvdreijt	Vic van de Reijt	Reijt, Vic van de			A
Reinders	Gé Reinders	Reinders, Gé			B
mreinhardt	Max Reinhardt	Reinhardt, Max			G
wreisel	Wanda Reisel	Reisel, Wanda			
prelic	Peter Relic	Relic, Peter			G
brem	Bart Remmers	Remmers, Bart			
reyleroy	Leroy Rey	Rey, Leroy			
sreyn	Simon Reynolds	Reynolds, Simon			G
grrhys	Gruff Rhys	Rhys, Gruff			B
PmarkRic	Mark Richardson	Richardson, Mark			G
jorisr	Joris Rietbroek	Rietbroek, Joris	RietbroekJ.htm		
jrietman	Jan Rietman	Rietman, Jan	RietmanJ.htm		C D H
csriet	Charles S. Rietvelder	Rietvelder, Charles S.			
wr	Wiebren Rijkeboer	Rijkeboer, Wiebren	RijkeboerW.htm	15	
hrijk	Henk Rijkenbarg	Rijkenbarg, Henk	RijkenbargH.htm	5 11	
gvr	Guido van Rijn	Rijn, Guido van			
erijn	Elias Rijnsburger	Rijnsburger, Elias			
srijven	Stan Rijven	Rijven, Stan	RijvenS.htm	1 2 4 5 13	D
RileyM	Marc Riley	Riley, Marc			G
drimmer	Dave Rimmer	Rimmer, Dave		2	G
Riplet	Janneke Riplet	Riplet, Janneke			B K
srippon	Steve Rippon	Rippon, Steve		5 9	G
mrischen	Maarten Rischen	Rischen, Maarten			
robr	Rob Risseeuw	Risseeuw, Rob		13 14	
mr	Mark Ritsema	Ritsema, Mark			O
arobbins	Andy Robbins	Robbins,  Andy 			G
RodiganD	David Rodigan	Rodigan, David			G
japir	Japi Roeloefs	Roelofs, Japi	RoelofsJ.htm		
Roelofs	Marco Roelofs	Roelofs, Marco			B
Roelvink	Dries Roelvink	Roelvink, Dries			B
ralphr	Ralph Roelvink	Roelvink, Ralph	RoelvinkR.htm		
jrogan	Johnny Rogan	Rogan, Johnny			G
eroggeveen	Ellen Roggeveen	Roggeveen, Ellen	RoggeveenE.htm		D K
mroorda	Marjoke Roorda	Roorda, Marjoke	RoordaM.htm		C H K
markroos	Mark Roos	Roos, Mark	RoosM.htm		
edr	Evert de Rooy	Rooy, Evert de			
mvroozendaal	Maarten van Roozendaal	Roozendaal, Maarten van			A
er	Elselien Roseboom	Roseboom, Elselien			K
jvros	Joop van Rossem	Rossem, Joop van	RossemJ.htm	1	
lexvr	Lex van Rossen	Rossen, Lex van	RossenL.htm		A F J L
jr	Jan Rot	Rot, Jan	RotJ.htm		A B D
serar	Sera Rotmans	Rotmans, Sera			K
lr	Lucky Rotterdam	Rotterdam, Lucky	RotterdamL.htm	9 12	D
rr	Raymond Rotteveel	Rotteveel, Raymond	RotteveelR.htm	11	D
jwroy	JW Roy	Roy, JW	RoyJW.htm		B
ricodroz	Rico d'Rozario	Rozario, Rico d'	RozarioRd.htm		
jruchtie	Joey Ruchtie	Ruchtie, Joey	RuchtieJ.htm		
mlrue	Monte la Rue	Rue, Monte la	RueMla.htm		
edru	Ellen de Ruiter	Ruiter, Ellen de			K
rrump	Radna Rumping	Rumping, Radna	RumpingR.htm		
trussell	Tony Russell	Russell, Tony		1 3	G
RutherfordM	Mike Rutherford	Rutherford, Mike			B G
aruys	Anneke Ruys	Ruys, Anneke	RuysA.htm		K
PandrewR	Andrew Ryce	Ryce, Andrew			G
RyderS	Shaun Ryder	Ryder, Shaun			G
arypens	Arnold Rypens	Rypens, Arnold	RypensA.htm		C G H
guis	Guido Saladillo	Saladillo, Guido			
wsalmon	William Salmon	Salmon, William			G
gsampaio	Gerard  Sampaio	Sampaio, Gerard			G
jvds	Jasper van der Sande	Sande, Jasper van der	SandeJ.htm	4 5 11	
vsandler	Victoria Sandler	Sandler, Victoria			G K
as	Ad Sandtke	Sandtke, Ad		9	
PjordanS	Jordan Sargent	Sargent, Jordan			G
SasJ	Julian Sas	Sas, Julian			A B
jsavage	Jon Savage	Savage, Jon		2 9 11 12	G
PruthSax	Ruth Saxelby	Saxelby, Ruth			G K
pscha	Paul Schaaps	Schaaps, Paul			
isvw	Imme Schade van Westrum	Schade van Westrum, Imme	SchadevanWestrumI.htm		C H K
aschaffer	Alfred Schaffer	Schaffer, Alfred			
mvs	Mark van Schaick	Schaick, Mark van	SchaickM.htm	6  12 20 21	D I
brvs	Bram van Schaik	Schaik, Bram van	SchaikB.htm	6 9	
arnolds	Arnold Scheepmaker	Scheepmaker, Arnold	ScheepmakerA.htm		D H
Scheer	Arend Jan van der Scheer	Scheer, Arend Jan van der			B
rvscheers	Rob van Scheers	Scheers, Rob van			N
jscheffer	Jan Scheffer	Scheffer, Jan			
harolds	Harold Schellinckx	Schellinckx, Harold	SchellinckxH.htm		D
ellys	Elli Schelling	Schelling, Elli	SchellingE.htm		D K
mikes	Mike Schepers	Schepers, Mike		12 17 18	O
Scherpenzeel	Ton Scherpenzeel	Scherpenzeel, Ton			B
victorsch	Victor Schiferli	Schiferli, Victor			
cschilder	Cathelijn Schilder	Schilder, Cathelijn			K
Schilder	Nick Schilder	Schilder, Nick			B
coens	Coen Schilderman	Schilderman, Coen	SchildermanC.htm		
Schiphorst	Colette Schiphorst	Schiphorst, Colette			B K
svens	Sven Schlijper	Schlijper, Sven	SchlijperS.htm		
ds	Deef Schmalz	Schmalz, Deef			
ischober	Ingeborg Schober	Schober, Ingeborg	SchoberI.htm		D G K
ss	Sander Schoemaker	Schoemaker, Sander		17	
aschol	Annemieke Schollaardt	Schollaardt, Annemieke			K
mscholten	Mark Scholten	Scholten, Mark			
pschong	Peter Schong	Schong, Peter		12 17 18 20	
gjvschoon	Gertjan van Schoonhoven	Schoonhoven, Gertjan van	SchoonhovenGJ.htm		D
jschoorl	John Schoorl	Schoorl, John	SchoorlJ.htm		J
kschout	Koen Schouten	Schouten, Koen	SchoutenK.htm		
cschrama	Cees Schrama	Schrama, Cees			
PryanSchr	Ryan Schreiber	Schreiber, Ryan			G
is	Ignace Schretlen	Schretlen, Ignace			
huibs	Huib Schreurs	Schreurs, Huib	SchreursH.htm		
pschr	Peter Schröder	Schröder, Peter			
mschulp	Marten Schulp	Schulp, Marten	SchulpM.htm		
SchulzeK	Klaus Schulze	Schulze, Klaus			B G
jschuring	Jos Schuring	Schuring, Jos	SchuringJ.htm		
timscott	Tim Scott	Scott, Tim			G
vsegal	Victoria Segal	Segal, Victoria		11	G K
rseg	René Seghers	Seghers, René			
WillSelf	Will Self	Self, Will			G
dserdijn	Daniëlle Serdijn	Serdijn, Daniëlle			K
Severijns	Ivo Severijns	Severijns, Ivo			B
stseverin	Steven Severin	Severin, Steven			G
csmurray	Charles Shaar Murray	Shaar Murray, Charles		2 9 17	G
Cshade	Chris Shade	Shade, Chris			G
hshap	Harry Shapiro	Shapiro, Harry			G
jsharp	Johnny Sharp	Sharp, Johnny			G
cshear	Colin Shearman	Shearman, Colin			G
dshep	David Sheppard	Sheppard, David		2 15	G
tsheridan	Tim Sheridan	Sheridan, Tim		11	G
csikkenk	Carolien Sikkenk	Sikkenk, Carolien			K
sjsik	Sjoerd Sikking	Sikking, Sjoerd			
msimmons	Michael Simmons	Simmons, Michael			G
ssimm	Sylvie Simmons	Simmons, Sylvie		1 4 5 6 11 14 15	G K
rsim	Richard Simon	Simon, Richard		18	
sergesim	Serge Simonart	Simonart, Serge	SimonartS.htm		D G
mirellas	Mirella Simoncini	Simoncini, Mirella	SimonciniM.htm		C H K
ksg	Kayla Simpson-George	Simpson-George, Kayla			G K
msinnock	Martin Sinnock	Sinnock, Martin			G
stefansj	Stefan Sjoers	Sjoers, Stefan			
jskey	Jamie Skey	Skey, Jamie			G
Skyvan	Derrick Skyvan	Skyvan, Derrick			B
asl	Arend Slagman	Slagman, Arend	SlagmanA.htm		
nslaven	Neil Slaven	Slaven, Neil		2	G
jds	Jaap de Slegte	Slegte, Jaap de			
jwslig	Jan Willem Sligting	Sligting, Jan Willem	SligtingJW.htm		
aslotboom	Anton Slotboom	Slotboom, Anton	SlotboomA.htm		
msluiter	Mark Sluiter	Sluiter, Mark			
ks	Kees Smallegange	Smallegange, Kees	SmallegangeK.htm	7 12	D
jsmeets	Jan Smeets	Smeets, Jan	SmeetsJ.htm		D
tsmeets	Tom Smeets	Smeets, Tom			
rsmetsers	Rob Smetsers	Smetsers, Rob	SmetsersR.htm	7 17 18	M
psmidt	Peter Smidt	Smidt, Peter	SmidtP.htm		
SmitJC	John Cees Smit	Smit, John Cees			B
osmit	Oscar Smit	Smit, Oscar	SmitO.htm		H
alsmith	Alan Smith	Smith, Alan			G
ssmith	Sue Smith	Smith, Sue			G K
SmithTim	Tim Smith	Smith, Tim			G
rsmits	Roeland Smits	Smits, Roeland	SmitsR.htm		
PlauraS	Laura Snapes	Snapes, Laura			G K
tsnoeijs	Thomas Snoeijs	Snoeijs, Thomas			
ivars	Ivar Snoep	Snoep, Ivar			
msnow	Matt Snow	Snow, Matt		6 11	G I
jsoer	Jeroen Soer	Soer, Jeroen	SoerJ.htm		C H
rsommer	René Sommer	Sommer, René			
avsorge	Arjen van Sorge	Sorge, Arjen van	SorgeA.htm		
gsoria	Gabe Soria	Soria, Gabe			G
gs	Gerrie Spaansen	Spaansen, Gerrie	SpaansenG.htm	7	D K
rs	Robert Spannenberg	Spannenberg, Robert			O
pvs	Peter van Sparrentak	Sparrentak, Peter van	SparrentakP.htm	7 19 20	D
jspear	Justin Spear	Spear, Justin			G
Spedding	Chris Spedding	Spedding, Chris			B G
hspeek	Hans Speekenbrink	Speekenbrink, Hans	SpeekenbrinkH.htm		
rspellman	Robert Spellman	Spellman, Robert			G
sspelt	Suzanne Spelt	Spelt, Suzanne			K
SpencerJon	Jon Spencer	Spencer, Jon			B G
nspencer	Neil Spencer	Spencer, Neil		9	G
tspieker	Thomas Spiekerman	Spiekerman, Thomas		11	
fspigt	Frédérique Spigt	Spigt, Frédérique			B K
wimspijk	Wim Spijkers	Spijkers, Wim	SpijkersW.htm		D
fspits	Frits Spits	Spits, Frits	SpitsF.htm		A C E H
Splinter	Ronnie Splinter	Splinter, Ronnie			B
evs	Eric van Splunter	Splunter, Eric van		11 15 18	
bvs	Bram van Splunteren	Splunteren, Bram van	SplunterenB.htm		C E H
tsprangers	Tim Sprangers	Sprangers, Tim			
rspreen	Reinier Spreen	Spreen, Reinier			
bass	Bas Springer	Springer, Bas		1 3 10 13	C H
tspring	Tom Springveld	Springveld, Tom	SpringveldT.htm		
Pkatherine	Katherine St. Asaph	St. Asaph, Katherine			G K
emstaal	Eva Maria Staal	Staal, Eva Maria			K
marcstak	Marc Stakenburg	Stakenburg, Marc	StakenburgM.htm		C D H
stamcher	Cher Stam	Stam, Cher			
bstan	Bob Stanley	Stanley, Bob			G
rstanley	Rod Stanley	Stanley, Rod			G
jst	Johan Stapel	Stapel, Johan			
jst/frw	Johan Stapel & Frans Westgeest	Stapel, Johan & Frans Westgeest			
jst/jvd	Johan Stapel & Jan van Deursen	Stapel, Johan & Jan van Deursen			
svs	Saul van Stapele	Stapele, Saul van	StapeleS.htm	18	D
jsteeman	Jan Steeman	Steeman, Jan	SteemanJ.htm		H
robsteen	Rob Steen	Steen, Rob			G
maxst	Max Steenberghe	Steenberghe, Max	SteenbergheM.htm	6	D
rsteenh	René Steenhorst	Steenhorst, René	SteenhorstR.htm		
msteenmeijer	Maarten Steenmeijer	Steenmeijer, Maarten			
fs	Frans Steensma	Steensma, Frans	SteensmaF.htm	6	D
rst	Robbert Steer	Steer, Robbert	SteerR.htm	20	D
psteinz	Pieter Steinz	Steinz, Pieter			
rstenders	Rob Stenders	Stenders, Rob	StendersR.htm		C H
rvds	Ron van der Sterren	Sterren, Ron van der	SterrenR.htm		
hermanst	Herman Stevens	Stevens, Herman			
mstevens	Max Stevens	Stevens, Max			G
StewartMark	Mark Stewart	Stewart, Mark			B G
astim	Alex Stimmel	Stimmel, Alex			G
mst	Martijn Stoffer	Stoffer, Martijn	StofferM.htm	1 3 4 9 11 13	C D H
hstok	Herman Stok	Stok, Herman	StokH.htm		A C D H
pstokes	Paul Stokes	Stokes, Paul			G
sjengs	Sjeng Stokkink	Stokkink, Sjeng	StokkinkS.htm		D
ls	Lex Stolk	Stolk, Lex			
Stoppard	Tom Stoppard	Stoppard, Tom			G
astorm	Arie Storm	Storm, Arie			
PbrandonS	Brandon Stosuy	Stosuy, Brandon			G
stouter	René Stoute	Stoute, René			
pauls	Paul Stramrood	Stramrood, Paul	StramroodP.htm	1 5 11	
marliess	Marlies Strik	Strik, Marlies			K
bs	Britt Stubbe	Stubbe, Britt	StubbeB.htm		D K
dstubbs	Dan Stubbs	Stubbs, Dan			G
ctuch	Claire Stuchbery	Stuchbery, Claire			G K
wstuif	Wilbert Stuifbergen	Stuifbergen, Wilbert			
ast	Adri Sturm	Sturm, Adri			
nsudden	Nikki Sudden	Sudden, Nikki			G
lsugrue	Louise Sugrue	Sugrue, Louise			G K
dilansun	Di-Lan Sun	Sun, Di-Lan	SunDL.htm		
gsusanna	Giancarlo Susanna	Susanna, Giancarlo			G
psutc	Phil Sutcliffe	Sutcliffe, Phil		3 4 11	G
ktabak	Kees Tabak	Tabak, Kees	TabakK.htm		D F
rtakken	Remco Takken	Takken, Remco	TakkenR.htm		
jtamark	Jeff Tamarkin	Tamarkin, Jeff			G
jjtamboer	Jan Jasper Tamboer	Tamboer, Jan Jasper			
tan	Ronny & Reggy Tan	Tan, Ronny & Reggy Tan			
PjoeTang	Joe Tangari	Tangari, Joe			G
wally	Wally Tax	Tax, Wally			
ktaylor	Kate Taylor	Taylor, Kate			G K
jtchong	Jaïr Tchong	Tchong, Jaïr	TchongJ.htm		
roytee	Roy Tee	Tee, Roy	TeeR.htm		F
rt	Roger Teeling	Teeling, Roger	TeelingR.htm	1 9 13 14 18	D
atepe	Adem Tepedelen	Tepedelen, Adem			G
nt	Nanne Tepper	Tepper, Nanne	TepperN.htm	9 18	D
aterlaak	Andreas Terlaak	Terlaak, Andreas			
dterp	Dietmar Terpstra	Terpstra, Dietmar	TerpstraD		
jthackray	Jerry Thackray	Thackray, Jerry			G
migth	Miguel Thannhauser	Thannhauser, Miguel		6 14	C H
milt	Mildred Theunisz	Theunisz, Mildred			K
bthomp	Ben Thompson	Thompson, Ben		18 19	G
dthomp	Dave Thompson	Thompson, Dave			G
gthompson	Gareth Thompson	Thompson, Garteh			G
ThompsonLee	Lee Thompson	Thompson, Lee			G
ThompsonL	Linda Thompson	Thompson, Linda			B G
PpaulTh	Paul Thompson	Thompson, Paul			G
lthomson	Liz Thomson	Thomson, Liz			G K
tthorn	Tracey Thorn	Thorn, Tracey			G
aethor	Arnar Eggert Thoroddsen	Thoroddsen, Arnar  Eggert			G K
ThorpeH	Hayden Thorpe	Thorpe, Hayden			G
jvt	John van Tiel	Tiel, John van	TielJ.htm	3 5 6 11 13	
jvt/jod	John van Tiel & Jo Didderen	Tiel, John van & Jo Didderen			
tiemessenm	Merijn Tiemessen	Tiemessen, Merijn			
atijs	Andrew Tijs	Tijs, Andrew			G
HumoKt	Kristoff Tilkin	Tilkin, Kristoff			
Tilli	Phil Tilli	Tilli, Phil			B
rtilli	Robbert Tilli	Tilli, Robbert	TilliR.htm		
et	Erik Timmerman	Timmerman, Erik	TimmermanE.htm		D
randyt	Randy Timmers	Timmers, Randy			
st	Swie Tio	Tio, Swie	TioS.htm	6 7 9 11 18	C D
Titulaer	Boris Tituelaer	Tituelaer, Boris			B
jtober	John Tobler	Tobler, John			G
Toering	Koen-Willem Toering	Toering, Koen-Willem			B
bt	Barend Toet	Toet, Barend	ToetB.htm	11 14	D I
gvdtogt	Gijs van der Togt	Togt, Gijs van der	TogtG.htm		
Tolkamp	Jan-Willem Tolkamp	Tolkamp, Jan-Willem			B
mt	Michiel Tolsma	Tolsma, Michiel			
gtonla	Georges Tonla	Tonla, Georges			
jtooher	Jim Tooher	Tooher, Jim			G
dtoop	David Toop	Toop, David			G
ftope	Frank Tope	Tope, Frank			G
Towers	Lee Towers	Towers, Lee			B
gt	Gijs Tra	Tra, Gijs			
gtram	Gianluca Tramontana	Tramontana, Gianluca			G
ciantraynor	Cian Traynor	Traynor, Cian			G
rickt	Rick Treffers	Treffers, Rick		11 12 15	
atruijens	Aleid Truijens	Truijens, Aleid			A K
jtrunk	Jon Trunk	Trunk, Jon		12	G
ptrynka	Paul Trynka	Trynka, Paul		11 17	G I
btuenter	Bastiaan Tuenter	Tuenter, Bastiaan			
vtuinman	Vrouwkje Tuinman	Tuinman, Vrouwkje			K
ht	Henk Tummers	Tummers, Henk	TummersH.htm	1 10 13	D H
ktyler	Kieron Tyler	Tyler, Kieron			G
typex	Typex	Typex	Typex.htm		
svuden	Serge van Uden	Uden, Serge van	UdenS.htm		
juhel	Jaan Uhelszki	Uhelszki, Jaan		9	G
cunsw	Cathi Unsworth	Unsworth, Cathi			G K
runter	Richie Unterberger	Unterberger, Richie		5	G
muphoff	Manon Uphoff	Uphoff, Manon			K
purb	Peter Urbanus	Urbanus, Peter			
bvdv	Bart van der Vaart	Vaart, Bart van der			
gvalen	Gary Valentine	Valentine, Gary			G
ValkJens	Jens van der Valk	Valk, Jens van der			B
lvalk	Leendert van der Valk	Valk, Leendert van der			
Valk	Rob de Valk	Valk, Rob de			B
Valkenborgh	Sam Valkenborgh	Valkenborgh, Sam			B
Vandenberg	Adrian Vandenberg	Vandenberg, Adrian			B
rv	René Vandendorpe	Vandendorpe, René			
wimv	Wim Vandonck	Vandonck, Wim			
Vanhamel	Tim Vanhamel	Vanhamel, Tim			B
varekampm	Michael Varekamp	Varekamp, Michael			
jcvarela	Jesse 'Chuy' Varela	Varela,  Jesse  'Chuy'			G
bvaugh	Barry Vaughan	Vaughan, Barry			G
gertvv	Gert van Veen	Veen, Gert van	VeenG.htm	7	C D
hveen	Herman Veenhof	Veenhof, Herman			
Veenstra	Olaf Veenstra	Veenstra, Olaf			B
tveerwater	Tim Veerwater	Veerwater, Tim	VeerwaterT.htm		
cvekeman	Christophe Vekeman	Vekeman, Christophe			
hveldman	Hessel Veldman	Veldman, Hessel	VeldmanH.htm	2 7 14 16 19 20 21	M
mveldt	Monte Veldt	Veldt, Monte			
rvveluw	Rick van Veluw	Veluw, Rick van			
vencvd	Cees van de Ven	Ven, Cees van de			
wvenema	Willem Venema	Venema, Willem	VenemaW.htm		
hdv	Hans de Vente	Vente, Hans de		3 14	
bver	Bas Verbeek	Verbeek, Bas			
gverbeek	Gert Verbeek	Verbeek, Gert	VerbeekG.htm		
wv	Wim Verbei	Verbei, Wim	VerbeiW.htm	3	D
averbeke	Annelies Verbeke	Verbeke, Annelies			K
klaasv	Klaas Verbeken	Verbeken, Klaas			
tverbogt	Thomas Verbogt	Verbogt, Thomas			
gverburg	Guido Verburg	Verburg, Guido	VerburgG.htm		
leonv	Leon Verdonschot	Verdonschot, Leon	VerdonschotL.htm		D H J
Vergoossen	Joost Vergoossen	Vergoossen, Joost			B
rverhorst	Rob Verhorst	Verhorst, Rob	VerhorstR.htm		F
wverk	Wouter Verkennis	Verkennis, Wouter	VerkennisW.htm		D
monv	Monique Verkerk	Verkerk, Monique			K
mthv	M.Th. Vermaat	Vermaat, M.Th.			
ev	Evert Vermeer	Vermeer, Evert			
reinv	Reinier Vermeer	Vermeer, Reinier			
Vermeulen	Thijs Vermeulen	Vermeulen, Thijs			B
tonving	Ton Vingerhoets	Vingerhoets, Ton	VingerhoetsT.htm		D
hannavink	Hanna Vink	Vink, Hanna			K
simonv	Simon Vinkenoog	Vinkenoog, Simon			A
advisser	Ad Visser	Visser, Ad	VisserA.htm		A B E H
arjenvisser	Arjen Visser	Visser, Arjen			
bvisser	Berry Visser	Visser, Berry	VisserB.htm		
gevisser	Griselda-Edwien Visser	Visser, Griselda-Edwien	VisserGE.htm		K
jvis	Johan Visser	Visser, Johan			
mennov	Menno Visser	Visser, Menno	VisserM.htm		D H
evdvlas	Eva van de Vlasakker	Vlasakker, Eva van de	VlasakkerE.htm		K
HumoKv	Katia Vlerick	Vlerick, Katia			K
jvv	John van Vliet	Vliet, John van		1 13	
ivvh	Ivan van Vliet-Herkovits	Vliet-Herkovits, Ivan van			
hvdvoet	Hanka van der Voet	Voet, Hanka van der	VoetH.htm		
Vogelaars	Theo Vogelaars	Vogelaars, Theo			B
jv	Jan Vollaard	Vollaard, Jan	VollaardJ.htm		D
jesv	Jesse Voorn	Voorn, Jesse	VoornJ.htm		D H
renev	René Vorderman	Vorderman, René			
kenvos	Ken Vos	Vos, Ken			
marcvos	Marc Vos	Vos, Marc	VosMarc.htm		
mmv	Marcel M. Vos	Vos, Marcel M.			
sievos	Siebrand Vos	Vos, Siebrand	VosS.htm		D
tvos	Tineke Vos	Vos, Tineke	VosT.htm		A C H K
johanv	Johan Vosmeyer	Vosmeyer, Johan	VosmeyerJ.htm		D H
Vreede	Arjen de Vreede	Vreede, Arjen de			B
fdvries	Fred de Vries	Vries, Fred de			
jdv	Jos de Vries	Vries, Jos de			
metadv	Meta de Vries	Vries, Meta de	VriesM.htm		A C H K
adevrieze	Atze de Vrieze	Vrieze, Atze de	VriezeA.htm		
iv	Ingmar Vroomen	Vroomen, Ingmar			O
Vugt	Erik van Vugt	Vugt, Erik van			B
jvvu	Jasper van Vugt	Vugt, Jasper van	VugtJ.htm	7 10 17 18	
bv	Bert Vuijsje	Vuisje, Bert	VuijsjeB.htm		A
jvullings	Jeroen Vullings	Vullings, Jeroen			
ellydew	Elly de Waard	Waard, Elly de	WaardE.htm		A D K
tvwaard	Thomas van Waardenburg	Waardenburg, Thomas van			
mvdw	Mila van der Wal	Wal, Mila van der			K
wwal	Wouter Waleson	Waleson, Wouter			
gwalhof	Gerard Walhof	Walhof, Gerard	WalhofG.htm	1 2 8	C H
dwaller	Don Waller	Waller, Don			G
jaapw	Jaap Wapenaar	Wapenaar, Jaap			O
ewap	Ed Wapper	Wapper, Ed			
eward	Ed Ward	Ward, Ed			G
cwaring	Charles Waring	Waring, Charles		12 17	G
awarn	Alan Warner	Warner, Alan			G
WasDon	Don Was	Was, Don			B G
dwater	Douglas Waterman	Waterman, Douglas			G
pwatts	Peter Watts	Watts, Peter			G
robw	Rob Waumans	Waumans, Rob			
bwazir	Burhan Wazir	Wazir, Burhan			G
swebb	Spider Webb	Webb, Spider			G
kvwee	Kees van Wee	Wee, Kees van	WeeK.htm	1 5 11	
dvweelden	Dirk van Weelden	Weelden, Dirk van			
pweening	Peter Weening	Weening, Peter	WeeningP.htm		
robweg	Rob Weggeman	Weggeman, Rob			
cweijts	Christiaan Weijts	Weijts, Christiaan			
mweing	Max Weingarten	Weingarten, Max			G
PjeffW	Jeff Weiss	Weiss, Jeff			G
rvw	Rutger van Wel	Wel, Rutger van			
jwelton	Jaime Welton	Welton, Jamie			G
Werken	Pim van de Werken	Werken, Pim van de			B
henkw	Henk Westbroek	Westbroek, Henk	WestbroekH.htm		A B
hvw	Hans van Westen	Westen, Hans van			
hw	Hans Westerduyn	Westerduyn, Hans			
frw	Frans Westgeest	Westgeest, Frans			
aweverling	Aukelien Weverling	Weverling, Aukelien			K
swhitall	Susan Whitall	Whitall, Susan			G K
kwhitham	Keith Whitham	Whitham, Keith			G
jwielaert	Jeroen Wielaert	Wielaert, Jeroen			
nwiese	Niels Wiese	Wiese, Niels	WieseN.htm		
ww	Wim Wigt	Wigt, Wim			
kvwijk	Koen van Wijk	Wijk, Koen van	WijkK.htm	3	
mvwijk	Mark van Wijk	Wijk, Mark van			
wijknietr	Ruud Wijkniet	Wijkniet, Ruud			
mwij	Morales Wijngaarde	Wijngaarde, Morales	WijngaardeM.htm		D K
kvw	Kees van Wijngaarden	Wijngaarden, Kees van			
marcelw	Marcel Wijnstekers	Wijnstekers, Marcel	WijnstekersM.htm		
pw	Pieter Wijnstekers	Wijnstekers, Pieter	WijnstekersP.htm	1 3 5 11 12 13 15	
bw	Bas Wilberink	Wilberink, Bas			
ew	Evert Wilbrink	Wilbrink, Evert	WilbrinkE.htm		
pwilding	Philip Wilding	Wilding, Philip			G
rwilk	Roy Wilkinson	Wilkinson, Roy			G
erkwil	Erk Willemsen	Willemsen, Erk	WillemsenE.htm		D
lwill	Lewis Williams	Williams, Lewis			G
mwill	Marlin Williams	Williams, Marlin			G
rwill	Richard Williams	Williams, Richard			G
sill	Simon Williams	Williams, Simon			G
swill	Stuart Williams	Williams, Stuart			G
nwill	Nigel Williamson	Williamson, Nigel			G
lwilson	Lois Wilson	Wilson, Lois		12 23	G K
WilsonMary	Mary Wilson	Wilson, Mary			B
yannickvw	Yannick van Winkel	Winkel, Yannick van			
harrydw	Harry de Winter	Winter, Harry de	WinterH.htm		A E
jmdw	Jan-Maarten de Winter	Winter, Jan-Maarten de	WinterJM.htm	2 11	D I
jwinter	Jon Winter	Winter, Jon			G
WinterRob	Rob Winter	Winter, Rob			B
iwinwood	Ian Winwood	Winwood, Ian		9 14 21	G
nwire	Nicky Wire	Wire, Nicky			G
jwirth	Jim Wirth	Wirth, Jim			G
rwisse	Rien Wisse	Wisse, Rien			
jdw	Job de Wit	Wit, Job de	WitJ.htm	7 18 19 20	C D H
pimdw	Pim de With	With, Pim de			
jwobble	Jah Wobble	Wobble, Jah			B G
awjach	Agnieszka Wojtowicz-Jach	Wojtowicz-Jach, Agnieszka			G K
PdouglasW	Douglas Wolk	Wolk, Douglas			G
Woltjer	Dennis Woltjer	Woltjer, Dennis			B
annawood	Anna Wood	Wood, Anna			G
mwoodsw	Michael Woodsworth	Woodsworth, Michael			G
rw	Rienk Wopereis	Wopereis, Rienk	WopereisR.htm		D
sworthy	Stephen Worthy	Worthy, Stephen			G
jvw	Jos van Woudenberg	Woudenberg, Jos van	WoudenbergJ.htm		D
mw	Marcel Wouter	Wouter, Marcel	WouterM.htm	1 10 13 18	D
wouwr	Rob van de Wouw	Wouw, Rob van de			B
rwyatt	Robert Wyatt	Wyatt, Robert			G
ewybenga	Ebele Wybenga	Wybenga, Ebele			
rikzaal	Rik Zaal	Zaal, Rik	ZaalR.htm		A C D H
pz	Philippus Zandstra	Zandstra, Phillipus	ZandstraP.htm	6 21	
Zee	Richard van der Zee	Zee, Richard van der			B
wvz	Willem van Zeeland	Zeeland, Willem van	ZeelandW.htm		
Zegel	Gert-Jan Zegel	Zegel, Gert-Jan			B
rz	Rypke Zeilmaker	Zeilmaker, Rypke	ZeilmakerR.htm		
rzeil	Richard Zeilstra	Zeilstra, Richard	ZeilstraR.htm		H
Zoer	Richard Zoer	Zoer, Richard			B
Zoete	Bouke Zoete	Zoete, Bouke			B
Zoey	Eddy Zoëy	Zoëy, Eddy			B
PlindsayZ	Lindsay Zoladz	Zoladz, Lindsay			G
Zuco103	Zuco 103	Zuco 103			B
dzugna	Daniel Zugna	Zugna, Daniel			G
Zuiderwijk	César Zuiderwijk	Zuiderwijk, César			A B
rvdz	Rob van der Zwaan	Zwaan, Rob van der	ZwaanR.htm		
wvdz	Wouter van der Zwaan	Zwaan, Wouter van der			O
jzwagerman	Joost Zwagerman	Zwagerman, Joost			A L
hz	Henk Zweering	Zweering, Henk			
azweers	Arnold Zweers	Zweers, Arnold	ZweersA.htm		
zwennes	Erik Zwennes	Zwennes, Erik	ZwennesE.htm		
rpk	rpk				
juliah	Julia Holter	Holter, Julia			B G K
